singaporean’,great singapor,2
singaporean’,lki,4
singaporean’,singapor,2
singaporean’,pm lee,2
lee kuan yew,lee kuan yew,4
lee kuan yew,eric tan we,4
lee kuan yew,darth vad,4
lee kuan yew,singaporean,8
lee kuan yew,singapor,34
lee kuan yew,pm lee,2
lee kuan yew,may singapore prosper through tides and tim,2
lee kuan yew,japan korea,2
lee kuan yew,usa,2
lee kuan yew,great,4
lee kuan yew,lee kuan yew squar,4
lee kuan yew,lee,4
lee kuan yew,lee hsien loong,4
lee kuan yew,majulah singapura,4
lee kuan yew,sg50,2
lee kuan yew,honour,2
lee kuan yew,the memorial hal,2
lee kuan yew,time,2
eric tan we,darth vad,2
singaporean,blessed happy birthday singapor,2
singaporean,singapor,346
singaporean,singaporean,48
singaporean,ep & ,2
singaporean,ft,8
singaporean,lee hsien loong,8
singaporean,pap,2
singaporean,majullah singapura,2
singaporean,SG,24
singaporean,unit,6
singaporean,padang,4
singaporean,pm lee,58
singaporean,lee u,2
singaporean,pm mr lee,6
singaporean,bless,4
singaporean,birthday,2
singaporean,md azib,2
singaporean,hdb,2
singaporean,wanwisa s. wanwi,2
singaporean,co girls' brigad,2
singaporean,cathol,2
singaporean,rosalind,2
singaporean,ndp,26
singaporean,majulah singapura,22
singaporean,prou,2
singaporean,a big heart a,2
singaporean,lki,6
singaporean,lee kwan yew,4
singaporean,singapore national day,4
singaporean,indonesia &,2
singaporean,covid-idiot-citizen,2
singaporean,singlepor,2
singaporean,rainbow,2
singaporean,we love singapor,4
singaporean,flag,2
singaporean,majulah singapor,2
singaporean,mr lee,10
singaporean,covid-19,8
singaporean,parliament,6
singaporean,parliament hous,2
singaporean,halimah yacob,2
singaporean,cabinet,2
singaporean,better govern,2
singaporean,bhutan,2
singaporean,malaysia,2
singaporean,orchard road,2
singaporean,iphon,2
singaporean,macbook,2
singaporean,teo,2
singaporean,wah,2
singaporean,af & 4,2
singaporean,mdm halimah,2
singaporean,singapore &,2
singaporean,countri,2
singaporean,singaporecan,2
singaporean,enjoy,2
singaporean,govt god bless!,2
singaporean,clean & green,2
singaporean,my futur,4
singaporean,lee hsien lov,2
singaporean,&,2
singaporean,prudenc,4
singaporean,lee,30
singaporean,dearest mr,2
singaporean,red dot,2
singaporean,ofw,2
singaporean,heng,2
singaporean,ms halimah,2
singaporean,engin,2
singaporean,mbfc,2
singaporean,mrt,2
singaporean,pm lee hl,2
singaporean,orang,2
singaporean,indonesia,2
singaporean,dad,2
singaporean,japan,8
singaporean,GE,4
singaporean,harmony  ,2
singaporean,govt,8
singaporean,singaporeanw,2
singaporean,healthy peac,2
singaporean,singapore happi,2
singaporean,yes.thank,2
singaporean,congratulations singapor,4
singaporean,great,2
singaporean,lee kuan yew squar,2
singaporean,jonathan cheah,2
singaporean,blessed happi,2
singaporean,spf share point forc,2
singaporean,madam,2
singaporean,p.m. lee kwan yew - greatest,2
singaporean,jakarta,2
singaporean,wto,6
singaporean,fcf,6
singaporean,the opposition parti,2
singaporean,sydney australia,2
singaporean,dpm heng,8
singaporean,singapore national day.also,2
singaporean,psp,4
singaporean,jeffrey khoo,4
singaporean,ge2020,4
singaporean,the pap govern,2
singaporean,singaporew,2
singaporean,sggod,2
singaporean,care,2
singaporean,onesingapor,2
singaporean,grace,2
singaporean,grace grac,2
singaporean,s.loong &,2
singaporean,financial plan,2
singaporean,china,2
singaporean,united national day,2
singaporean,realist,2
singaporean,rais,2
singaporean,sg50,2
singaporean,honour,2
singaporean,the memorial hal,2
singaporean,cambodia,2
singaporean,prime,2
singaporean,singaporeanshop,2
singaporean,southeast asian,2
singaporean,only singapor,2
singaporean,wp/sp/ep,2
singaporean,semua kita bersatu!,2
singaporean,lion citi,2
singaporean,success,2
singaporean,ms m indrane,2
singaporean,the leader of the opposition in parlia,2
singaporean,hous,2
singaporean,pmlee,2
singaporean,bangladesh,2
singaporean,lee hsien loong',2
singaporean,pm lee hsien loong,2
singaporean,malaysian,2
singaporean,singlish,4
singaporean,pap parti,2
singaporean,pm lee - proud,2
singaporean,foreigner tal,2
singaporean,abe,2
singaporean,mr abe,2
singaporean,nu,2
singaporean,ntu,2
singaporean,siri,2
singaporean,bixbi,2
singaporean,nightingal,2
singaporean,island,2
singaporean,singapr,4
singaporean,US,4
singaporean,singapura,2
singaporean,awesom,2
singaporean,national servic,2
singaporean,cbd,2
singaporean,chines,2
singaporean,singaporean &,2
singaporean,ceca,4
singaporean,UK,6
singaporean,taiwan,2
singaporean,india,2
singaporean,contract,2
singaporean,jss,2
singaporean,salut,2
singaporean,clement ng,2
singaporean,true blu,2
singaporean,leave behind,2
singaporean,coloni,2
singaporean,japanes,2
singaporean,happy birthday & national day singapor,2
singaporean,czech,4
singaporean,warm blessings p. jayakumar,4
singaporean,pragu,4
singaporean,youth,2
singaporean,john chan,2
singaporean,batam,2
singaporean,sjngaporean,2
singaporean,the people’s action parti,2
singaporean,ho ch,2
singaporean,temasek,2
singaporean,day.veri,2
singaporean,singapore pm,2
&,swee keat,2
&,SG,2
&,EP,2
swee keat,pap govern,2
swee keat,lee hsien loong,2
singaporebest,singapor,2
singapor,paciano calamba c,2
singapor,mrt,4
singapor,majulah singapura,80
singapor,togethera,4
singapor,singapor,484
singapor,singapore salut,2
singapor,hapi big day,2
singapor,lee hsien loong,48
singapor,pap,2
singapor,majullah singapura,14
singapor,lee,96
singapor,pm mr lee,6
singapor,lee hsien,4
singapor,pm lee,164
singapor,japanes,2
singapor,abe shinzo,2
singapor,japan,22
singapor,sgcitizen,2
singapor,bless,24
singapor,birthday,10
singapor,& love lhl &,4
singapor,lki,20
singapor,militansi mengucapkan,4
singapor,th semoga,4
singapor,md azib,2
singapor,china,26
singapor,lol,2
singapor,lee good,4
singapor,pm abe,2
singapor,sri lanka,2
singapor,chaitri hapugal,6
singapor,pm lee veri,2
singapor,johnson joon,2
singapor,god,16
singapor,maldiv,2
singapor,bcz singapor,2
singapor,& others copi,4
singapor,hats off,4
singapor,singaporean majulah singapura,2
singapor,a big heart a,2
singapor,co-vid19,2
singapor,birthday singapor,4
singapor,lee kwan yew,2
singapor,singapore zoo,2
singapor,ensur,2
singapor,SG,34
singapor,india,16
singapor,sg unit,6
singapor,mr lee,20
singapor,lee good morn,2
singapor,singapore general hospit,2
singapor,cha,2
singapor,speedy recoveri,2
singapor,lhl,2
singapor,the birthday of singapor,2
singapor,amk,2
singapor,rainbow,2
singapor,we love singapor,8
singapor,respect singapor,2
singapor,super,2
singapor,parliament,6
singapor,parliament hous,2
singapor,halimah yacob,2
singapor,cabinet,4
singapor,better govern,2
singapor,ndp,36
singapor,sengkang,4
singapor,boh,2
singapor,singapura,6
singapor,honourable rest,4
singapor,harry lee kuan yew,4
singapor,the mobile column,2
singapor,sporean,4
singapor,#,4
singapor,hurrah,2
singapor,malaysia,10
singapor,leading of singapor,4
singapor,bangladesh,20
singapor,r.i.p,4
singapor,grandpa le,2
singapor,hope,6
singapor,blessed & prosper,2
singapor,the country of singapor,20
singapor,grace,16
singapor,seah,4
singapor,sembawang matime pte ltd.,2
singapor,PM,6
singapor,cambodia,6
singapor,harmoni,4
singapor,healthy too.with god',2
singapor,immense bless,2
singapor,govt god bless!,2
singapor,clean & green,2
singapor,asean,4
singapor,EU,2
singapor,white,2
singapor,cdp,2
singapor,mbfc,6
singapor,pm lee please tak,2
singapor,#proud to be half filipino half american and,4
singapor,#majulah singapura,4
singapor,#fight against the corona virus!,4
singapor,rovielyn cardoza,2
singapor,national university hospit,2
singapor,nuh,2
singapor,prudenc,2
singapor,dearest mr,2
singapor,red dot,2
singapor,ofw,2
singapor,heng,2
singapor,ms halimah,2
singapor,rip,2
singapor,ns square a vision inspir,2
singapor,ns square com,2
singapor,crave color,2
singapor,grace ns squar,2
singapor,engin,4
singapor,nice,2
singapor,jayakumar,14
singapor,award,8
singapor,cambodia khmer roug,8
singapor,gold ridg,4
singapor,mercatus co-operative limit,2
singapor,ntuc,2
singapor,the singapore labour found,2
singapor,mercatu,2
singapor,nex,2
singapor,pim foreign invest,2
singapor,chines,6
singapor,cic,2
singapor,IG,2
singapor,singapore &,2
singapor,may singapore prosper through tides and tim,4
singapor,asian,2
singapor,covid 19,2
singapor,greenland,2
singapor,lee hsein loong,8
singapor,phillipine army task force sam,2
singapor,naomi neo,2
singapor,ft,2
singapor,GE,2
singapor,bring,2
singapor,singaporean      happi,2
singapor,sdg,2
singapor,ho ching happi,2
singapor,chalmers wong,6
singapor,marjulah singapura,2
singapor,ukrain,2
singapor,concur,2
singapor,ngiam tong dow,4
singapor,healthy peac,2
singapor,onward,2
singapor,great,4
singapor,lee kuan yew squar,4
singapor,salut,6
singapor,little red dot be blessed with many mor,4
singapor,loo,2
singapor,spf share point forc,4
singapor,madam,4
singapor,sb,2
singapor,spf,2
singapor,great administr,2
singapor,thai,2
singapor,time,2
singapor,pm mr,4
singapor,christine phong,2
singapor,cheng,2
singapor,lee &,2
singapor,righteous,2
singapor,indonesia,10
singapor,p.m. lee kwan yew - greatest,2
singapor,pm lee a,4
singapor,singapore united &,2
singapor,singapore love &,4
singapor,pm lee hsien loong,14
singapor,usa,2
singapor,the opposition parti,6
singapor,home,2
singapor,sian chay,6
singapor,majulah singapor,2
singapor,singapore maju,4
singapor,dpm heng,4
singapor,singapore national day.also,4
singapor,mr prata,2
singapor,the pap govern,4
singapor,wish & pray,6
singapor,majulah singapurah,6
singapor,US,22
singapor,esg,4
singapor,alchemy food,4
singapor,merced,2
singapor,bmw,2
singapor,grc,2
singapor,singaporean chines,4
singapor,australia,4
singapor,octogenarian,4
singapor,ndp2020,2
singapor,stand,20
singapor,lee madam,4
singapor,ho ching madam,4
singapor,blessed singapore grace grac,6
singapor,sharon ng,2
singapor,the singapore govern,2
singapor,covid-19,12
singapor,goodluck,2
singapor,leader,2
singapor,mr heng,2
singapor,care,2
singapor,onesingapor,2
singapor,grace grac,6
singapor,kim hong,2
singapor,nrg singapor,2
singapor,batam,2
singapor,busi,2
singapor,happy bless,8
singapor,ne flag,2
singapor,lee happi,2
singapor,s.loong &,2
singapor,majulah,2
singapor,pepper-crab,2
singapor,pm lee hl,6
singapor,flag,2
singapor,prime,2
singapor,sg50,12
singapor,honour,12
singapor,the memorial hal,12
singapor,a royal court,2
singapor,unit,6
singapor,ngiam,2
singapor,Li,2
singapor,religion,4
singapor,the order of temasek,2
singapor,ark,2
singapor,thai parlia,2
singapor,hdb,2
singapor,amin,2
singapor,lion citi,4
singapor,success,2
singapor,ms m indrane,2
singapor,the leader of the opposition in parlia,2
singapor,hous,2
singapor,09/08/2020 happy national day singapor,10
singapor,heartiest,4
singapor,robertson quay,4
singapor,pmlee,4
singapor,marcy amen,2
singapor,grey jedi,2
singapor,light,2
singapor,dark,2
singapor,lee hsien loong pm,2
singapor,changi,2
singapor,sentosa,2
singapor,masks),2
singapor,lee hsien loong',2
singapor,the supreme pow,4
singapor,pap parti,2
singapor,govt,2
singapor,pm lee & strong hop,2
singapor,foreigner tal,2
singapor,motegi toshimitsu,4
singapor,singapore happy national day,2
singapor,team,2
singapor,the great effort,2
singapor,the creator singapor,2
singapor,pm lee congratulations.okay,2
singapor,singapr,2
singapor,the seletar reservoir,2
singapor,awesom,2
singapor,pioneer,2
singapor,national servic,4
singapor,cbd,4
singapor,contributions to singapor,2
singapor,lifetim,2
singapor,pm-lhl spent,2
singapor,birthdaysingapor,2
singapor,truli,2
singapor,united color,2
singapor,sg n jb,2
singapor,ceca,4
singapor,UK,6
singapor,taiwan,4
singapor,their citizens of singapor,2
singapor,clement ng,2
singapor,epass,4
singapor,mycar,2
singapor,eid,2
singapor,joy - singapor,2
singapor,fta,2
singapor,alarie$,2
singapor,SC,4
singapor,philippin,4
singapor,maju,2
singapor,sg 55,2
singapor,halimah yaacob,4
singapor,race langaug,4
singapor,u.k.,4
singapor,czech,2
singapor,warm blessings p. jayakumar,2
singapor,pragu,2
singapor,sea,4
singapor,rip mr ngiam.,2
singapor,’s,2
singapor,new zealand,2
singapor,the awesome red dot!,2
singapor,royston,2
singapor,indonesian,6
singapor,retno marsudi,4
singapor,istana,4
singapor,mdm retno marsudi,4
singapor,@sg,2
singapor,opposit,2
singapor,uncle sam,2
singapor,sjngaporean,2
singapor,nurs,2
singapor,work,2
singapor,ns squar,8
singapor,nation’,4
singapor,singapore n,2
singapor,day.veri,2
singapor,singapore pm,2
singapor,employ,4
singapor,fool,2
singapor,the reality of seeking a job,2
singapor,lee hsien loong godbless,2
pm abe-san,pm lee,2
pm lee,SG,18
pm lee,unit,4
pm lee,padang,2
pm lee,pm lee,14
pm lee,nasi-lemak,2
pm lee,pap n,2
pm lee,wish abe san,2
pm lee,indonesia &,2
pm lee,parliament,4
pm lee,pm abe,4
pm lee,mr abe,2
pm lee,covid-19,2
pm lee,parliament hous,2
pm lee,halimah yacob,2
pm lee,cabinet,4
pm lee,better govern,2
pm lee,dpm heng,2
pm lee,abe,4
pm lee,abe san & japan,2
pm lee,filipino association of singapor,2
pm lee,jalan jalan,4
pm lee,stay healthy and happi,2
pm lee,god,4
pm lee,florence tan,2
pm lee,orang,2
pm lee,indonesia,6
pm lee,asean,2
pm lee,dad,2
pm lee,malaysia,2
pm lee,ah meng,2
pm lee,the singapore zoological gardens!,2
pm lee,jalanjalan pm le,2
pm lee,jeffrey ng,2
pm lee,zena,2
pm lee,japan,6
pm lee,Ng,2
pm lee,salut,8
pm lee,asean countri,2
pm lee,pm lee hsien loong,2
pm lee,awesom,2
pm lee,politician,2
pm lee,ndp2020,2
pm lee,philippin,2
pm lee,u n,2
pm lee,blessings singapor,2
pm lee,abe shinzo,2
pm lee,ark,2
pm lee,majullah singapura,4
pm lee,ndp,6
pm lee,healthy singaporean,2
pm lee,heartfelt,2
pm lee,red lion,2
pm lee,kababayan,2
pm lee,canada,2
pm lee,pap parti,4
pm lee,govt,4
pm lee,wish singapor,2
pm lee,lki,2
pm lee,team,2
pm lee,the great effort,2
pm lee,clement ng,2
pm lee,majulah singapura,4
pm lee,syaba,2
pm lee,singapura,2
pm lee,US,2
pm lee,sir,2
pm lee,the awesome red dot!,2
pm lee,bless,2
pm lee,nurses' day,2
pm lee,sjngaporean,2
pm lee,stand,2
pm lee,singaporean first,2
pm lee,belated happy birthday singapor,2
ep & spass,sporean,2
ep & spass,sgaporean,4
ep & spass,SG,2
sporean,lengkok bahru,2
sporean,buona,2
sporean,RC,2
sporean,the new rc centr,2
sporean,committe,2
sporean,block 55,2
sporean,ndp,4
sporean,the mobile column,2
sporean,EP,2
sporean,SP,2
sporean,govt,2
sporean,birthday singapor,2
sporean,lee hsien loong,2
sibei,changi,4
sibei,tua,2
changi,tua,6
changi,changi,14
changi,ceca,2
changi,tanjong,2
changi,seletar,2
changi,lol,2
changi,taipei,2
tua,taipei,2
mrt,majulah singapura,2
mrt,rusti,2
mrt,wd40,2
mrt,sb,2
mrt,lta,2
mrt,bulls**t,2
mrt,corona,2
mrt,labrador,2
majulah singapura,co girls' brigad,2
majulah singapura,cathol,2
majulah singapura,rosalind,2
majulah singapura,ndp,6
majulah singapura,padang,2
majulah singapura,prou,2
majulah singapura,lee kwan yew,2
majulah singapura,lee hsien loong,4
majulah singapura,sg unit,2
majulah singapura,honourable rest,2
majulah singapura,harry lee kuan yew,2
majulah singapura,PH,2
majulah singapura,sembawang matime pte ltd.,2
majulah singapura,harmony prosper,2
majulah singapura,pm lee hsien loong,2
majulah singapura,selamat menyambut,2
majulah singapura,singapura,4
majulah singapura,bring,2
majulah singapura,lee happi,2
majulah singapura,covid-19,2
majulah singapura,congratulations singapor,2
majulah singapura,lee w,2
majulah singapura,lee,2
majulah singapura,syaba,2
ceca,miw,2
ceca,tanjong,2
ceca,ft,2
ceca,sgrean,6
ceca,earn,2
ceca,citizen,2
ceca,UK,2
ceca,US,2
ceca,taiwan,2
ceca,india,2
togethera,lee hsien loong,2
togethera,singapura,2
SG,tacki,4
SG,liter,4
SG,red,4
SG,SG,24
SG,asean,4
SG,the fifa world cup,4
SG,unit,6
SG,padang,6
SG,sg unit,2
SG,lki,10
SG,sop jb,2
SG,u n famili,2
SG,lee,2
SG,NS,2
SG,US,2
SG,#proud to be half filipino half american and,2
SG,#majulah singapura,2
SG,#fight against the corona virus!,2
SG,heng,2
SG,ms halimah,2
SG,lee hsien loong,2
SG,pm mr lee sl,2
SG,sgunit,2
SG,longlivesg majulah singapura/onwards singapor,2
SG,woman,2
SG,salut,6
SG,asean countri,4
SG,indonesia,4
SG,jalan jalan,2
SG,esg,2
SG,alchemy food,2
SG,singaporew,2
SG,sggod,2
SG,first world n,2
SG,china,2
SG,meaningless,2
SG,ourselves & lov,2
SG,sgian,4
SG,singapore.i,2
SG,happy bless,2
SG,sgaporean,4
SG,coloni,4
SG,japanes,4
SG,congratulations sir &,2
SG,lhl,2
SG,brunei,2
SG,japan,4
SG,happy &,2
tacki,liter,2
tacki,red,2
tacki,asean,2
tacki,the fifa world cup,2
liter,red,2
liter,asean,2
liter,the fifa world cup,2
red,asean,2
red,the fifa world cup,2
asean,the fifa world cup,2
asean,EU,2
asean,indonesia,4
asean,sgp- vietnam,2
asean,asean chair,2
asean,vietnam,4
ep & ,ft,2
ft,GE,2
ft,sgrean,6
ft,earn,2
ft,citizen,2
rophi clinic',leong hoe nam,2
rophi clinic',asa,2
rophi clinic',kevin cheong,2
leong hoe nam,asa,2
leong hoe nam,kevin cheong,2
asa,kevin cheong,2
aruba,lki,2
lki,& love lhl &,2
lki,s. jayakumar,2
lki,the order of temasek,2
lki,truli,2
lki,public service &,2
lki,lki,6
lki,nice,4
lki,padang,4
lki,japan,2
lki,aldi,2
lki,prime,2
lki,lhl,2
lki,jiayou pm,2
lki,team,2
lki,the great effort,2
lki,singapore yours sincer,2
lee hsien loong,pap,2
lee hsien loong,majullah singapura,2
lee hsien loong,bless,4
lee hsien loong,sg unit,2
lee hsien loong,maha buddha,2
lee hsien loong,parliament,2
lee hsien loong,first sit,2
lee hsien loong,singapura,2
lee hsien loong,cambodia,2
lee hsien loong,PM,2
lee hsien loong,pm mr,6
lee hsien loong,covid-19,2
lee hsien loong,lee,4
lee hsien loong,blessed happi,2
lee hsien loong,christine phong,2
lee hsien loong,cheng,2
lee hsien loong,pap govern,2
lee hsien loong,lee hsien loong majullah singapur,2
lee hsien loong,opposit,2
lee hsien loong,ms m indrane,2
lee hsien loong,the leader of the opposition in parlia,2
lee hsien loong,hous,2
lee hsien loong,birthday singapor,2
pap,majullah singapura,2
majullah singapura,homeland my life n my futur,2
majullah singapura,ark,2
majullah singapura,singaporean first,2
unit,padang,2
unit,sentosa,2
unit,stand,2
padang,co girls' brigad,2
padang,cathol,2
padang,rosalind,2
padang,ndp,2
padang,prou,2
padang,padang,2
border,sent,2
pedra branca,hagu,2
lee,Pm,2
lee,NS,2
lee,japan,6
lee,motegi toshimitsu,4
lee,lee,4
lee,salut,4
lee,indonesia,2
lee,vancouver canada,2
lee,the country of singapor,10
lee,grace,6
lee,seah,2
lee,rovielyn cardoza,2
lee,national university hospit,2
lee,nuh,2
lee,pm mr lee,2
lee,prudenc,2
lee,bliss,2
lee,U,2
lee,singapore day.stay,2
lee,philippin,4
lee,tan,2
lee,birthday,2
lee,singapura,2
lee,great,2
lee,lee kuan yew squar,2
lee,purpo,2
lee,great administr,4
lee,china,4
lee,ndp,2
lee,ceylones,2
lee,mi kenn,2
lee,rohan,2
lee,malaysia,2
lee,mr lee,2
lee,s.loong &,2
lee,best wish,2
lee,09/08/2020 happy national day singapor,4
lee,marcy amen,2
lee,bangladesh,4
lee,marin,2
lee,SC,2
lee,india,2
lee,sg 55,2
lee,UK,2
lee,czech,2
lee,warm blessings p. jayakumar,2
lee,pragu,2
lee,pm mr,2
lee,healthy  ,2
pm mr lee,prudenc,2
pm mr lee,best wish,4
lengkok bahru,buona,2
lengkok bahru,RC,2
lengkok bahru,the new rc centr,2
lengkok bahru,committe,2
lengkok bahru,block 55,2
buona,RC,2
buona,the new rc centr,2
buona,committe,2
buona,block 55,2
RC,the new rc centr,2
RC,committe,2
RC,block 55,2
the new rc centr,committe,2
the new rc centr,block 55,2
committe,block 55,2
japanes,abe shinzo,2
japanes,japan,6
japanes,hurri,2
japanes,viru,2
japanes,coloni,2
japanes,john savuth yem,4
japanes,abe,8
japanes,japanes,4
japanes,cambodia,4
abe shinzo,japan,2
japan,lee good,2
japan,pm abe,4
japan,sri lanka,2
japan,chaitri hapugal,4
japan,lee hsien loog thank,2
japan,sino,2
japan,motegi toshimitsu,8
japan,salut,2
japan,mr abe san,2
japan,rome,2
japan,sk1940,2
japan,glad,2
japan,japan,4
japan,china,2
japan,usa,4
japan,hurri,2
japan,viru,2
japan,lee awesom,2
japan,pm-sa,2
japan,jap-s,2
japan,ask,2
bless,birthday,2
bless,mr lee,2
bless,happy bless,2
birthday,singapura,2
birthday,singapore maju,2
birthday,#,2
super,mr lee,2
super,lim chong,2
super,sim cheryl ng,2
mr lee,majulah singapor,2
mr lee,ndp,2
mr lee,’s,2
librari,librarian,2
librari,toa payoh,2
librarian,toa payoh,2
toa payoh,joshua le,6
toa payoh,toa payoh,6
toa payoh,yo g,6
lawrence wong,hougang,2
lawrence wong,ndp,2
hougang,ndp,2
hougang,singapore flag,2
ndp,co girls' brigad,2
ndp,cathol,2
ndp,rosalind,2
ndp,prou,2
ndp,los angel,2
ndp,india,2
ndp,ndp,18
ndp,noon,6
ndp,the mobile column,4
ndp,la singapura,2
ndp,ho ching happi,2
ndp,chalmers wong,2
ndp,marjulah singapura,2
ndp,chaitri hapugal,2
ndp,national dayi,4
ndp,the ndp organising committe,2
ndp,royston tan,2
ndp,care,2
ndp,singapore bravo,2
ndp,heartfelt,2
ndp,pm lee hsien loong,2
ndp,happy birthday singapor,2
ndp,ns squar,4
ndp,river hongbao,2
ndp,royston,2
ndp,’s,2
maha bodhi enlightened maha buddha triple gem,blessings to honourable pm,2
maha bodhi enlightened maha buddha triple gem,progressive singapor,2
blessings to honourable pm,progressive singapor,2
militansi mengucapkan,th semoga,2
spf,usa,2
spf,saf,2
usa,japan korea,2
usa,china,4
usa,usa,2
usa,india,2
rice,rice,6
china,lol,2
china,india,4
china,US,16
china,china,6
china,covid-19,2
china,indonesia,2
china,SC,2
china,philippin,2
lol,seletar,2
lol,ck leow,2
lol,kanna,2
lol,zheng,2
merced,lamborghini,4
merced,bugatti,2
merced,bmw,2
lamborghini,toyota,2
lamborghini,ferrari,2
lamborghini,bugatti,2
lamborghini,lembu -gini  ,2
lamborghini,muhammad messenger s.a.w. peace be upon him glorious holy book,2
lamborghini,islam,2
lamborghini,non muslim,2
lamborghini,a rolls royc,2
lee good,pm abe,2
lee good,sri lanka,2
lee good,chaitri hapugal,6
pm abe,sri lanka,2
pm abe,chaitri hapugal,2
pm abe,mr abe,2
pm abe,nathan,2
pm abe,pm lee hsien long,2
pm abe,the blessing and healing force',2
pm abe,speedy recoveri,2
sri lanka,chaitri hapugal,4
chaitri hapugal,ho ching happi,2
chaitri hapugal,chalmers wong,2
chaitri hapugal,marjulah singapura,2
chaitri hapugal,lee awesom,2
pm lee veri,johnson joon,2
god,sg unit,2
god,cheer,2
god,abe-san,2
god,macpherson,2
hdb,mcpherson,2
hdb,tiong bahru,2
hdb,guoco tow,2
hdb,bubbagump &,2
hdb,500k,2
hdb,revert,2
hdb,hdb,6
hdb,bto,2
hdb,wow,2
hdb,ep & s pass,2
maldiv,indo pacif,2
employ,smart,2
employ,fool,4
employ,the reality of seeking a job,4
employ,employ,2
smart,EP,4
smart,SP,4
smart,sgprn,2
smart,levi,2
ssu,amk,8
ssu,ssu,2
amk,amk,2
amk,best wish,2
amk,havea beauti,2
amk,fernval,2
& others copi,hats off,2
dearest,lee  ,2
pareng james quiniano,patricia espinosa pelaez,2
pareng james quiniano,darl,2
patricia espinosa pelaez,darl,2
co girls' brigad,cathol,2
co girls' brigad,rosalind,2
co girls' brigad,prou,2
cathol,rosalind,2
cathol,prou,2
rosalind,prou,2
mari,singapura,8
mari,mari,2
mari,semua,4
mari,majulah singapura majulah singapura,4
mari,lovely country singapore #,4
singapura,singapura,8
singapura,semua,4
singapura,majulah singapura majulah singapura,4
singapura,lovely country singapore #,4
singapura,selamat menyambut,2
singapura,indonesia,2
singapura,majulah singapor,2
singapura,malaysian,2
singapura,tempat ns squar,6
singapura,saya,6
singapura,ns squar,6
singapura,selamat pagi,2
singapura,fr tampin,2
singapura,malaysia,2
singapura,anda,2
singapura,singapura selamat,2
singapura,US,2
singapura,syaba,2
semua,majulah singapura majulah singapura,4
semua,lovely country singapore #,2
semua,majulah singapura mari,2
semua,singapura sama,2
semua,cita-cita kita,2
semua,berjaya singapura marilah,2
semua,dengan,2
majulah singapura majulah singapura,lovely country singapore #,2
majulah singapura majulah singapura,majulah singapura mari,2
majulah singapura majulah singapura,singapura sama,2
majulah singapura majulah singapura,cita-cita kita,2
majulah singapura majulah singapura,berjaya singapura marilah,2
majulah singapura majulah singapura,dengan,2
ensur,EP,4
shellmobil,exxon,2
exxon,US,2
india,land???dont,2
india,indonesia,4
india,nagaon,2
india,philippin,4
india,russia,2
india,UK,2
india,US,2
india,taiwan,2
india,SC,2
s. jayakumar,the order of temasek,2
s. jayakumar,truli,2
s. jayakumar,public service &,2
the order of temasek,truli,2
the order of temasek,public service &,2
the order of temasek,jayakumar,2
truli,public service &,2
keane woo,joseph ong theluckyguy,2
keane woo,joseph muhammad zulhelmi,2
keane woo,li gregori,2
keane woo,goh liam chan,2
joseph ong theluckyguy,joseph muhammad zulhelmi,2
joseph ong theluckyguy,li gregori,2
joseph ong theluckyguy,goh liam chan,2
joseph muhammad zulhelmi,li gregori,2
joseph muhammad zulhelmi,goh liam chan,2
li gregori,goh liam chan,2
covid-idiot-citizen,singlepor,2
lee good morn,singapore general hospit,2
lee good morn,cha,2
singapore general hospit,cha,2
speedy recoveri,the blessing and healing force',2
parliament,maha buddha,2
parliament,first sit,2
parliament,parliament hous,2
parliament,halimah yacob,6
parliament,cabinet,2
parliament,better govern,2
parliament,cna,2
parliament,asian,2
parliament,cambodia,2
parliament,eric chua,4
parliament,parliament,2
parliament,best wish,4
parliament,istana tour,2
parliament,pm mr,2
parliament,parliament of singapor,2
parliament,hous,2
lhl,the birthday of singapor,2
lhl,jiayou pm,2
lhl,congratulations sir &,2
tin pei l,macpherson,2
macpherson,mummy pei l,2
macpherson,macpherson,2
macpherson,tanjong pagar,4
macpherson,nicole seah @,2
macpherson,smc,2
mr abe,abe,2
tiong bahru,locat,2
flag,pm lee hl,2
pulau ubin,syazwan,2
pulau ubin,ubin,2
syazwan,ubin,4
maha buddha,first sit,2
maha buddha,lee hsein loong,2
maha buddha,new cabinetth,2
maha buddha,the parliament hous,2
maha buddha,starts blessed govern,2
majulah singapor,indonesia,2
rusti,wd40,2
rusti,sb,2
wd40,sb,2
covid-19,pm mr,2
covid-19,sharon ng,2
covid-19,the singapore govern,2
covid-19,philippin,2
covid-19,vietnam,2
pm lee ask,pm abe to come to singapor,2
pm lee ask,little red dot have has veri,2
pm lee ask,jeffrey ng,2
pm abe to come to singapor,little red dot have has veri,2
pm abe to come to singapor,jeffrey ng,2
little red dot have has veri,jeffrey ng,2
jeffrey ng,indonesia,2
jeffrey ng,ah meng,2
jeffrey ng,the singapore zoological gardens!,2
jeffrey ng,jalanjalan pm le,2
CB,clearly brav,2
yum asia bamboo rice cook,london,2
london,new york,2
guoco tow,bubbagump &,2
parliament hous,halimah yacob,2
parliament hous,cabinet,2
parliament hous,better govern,2
halimah yacob,cabinet,2
halimah yacob,better govern,2
halimah yacob,eric chua,2
halimah yacob,best wish,2
cabinet,better govern,2
cabinet,govt,2
cabinet,wish,2
cabinet,god blessed   ,2
mark fong,eric lie gerald wee fi hanafiah,2
amrin amin,fullerton hotel,4
amrin amin,amrin amin,2
sengkang,the red lion,2
sengkang,awesom,2
noon,cmon,2
malaysia,kingqueen.,2
malaysia,malaysia,2
malaysia,ceylones,2
malaysia,mi kenn,2
malaysia,rohan,2
malaysia,tiffany luane gimenez,2
malaysia,indonesia,2
malaysia,anda,2
malaysia,singapura selamat,2
malaysia,open up singapore jb causeway asap,2
malaysia,hug,2
malaysia,lee kindli,2
malaysia,toh long,2
NS,EP,2
dpm heng,dpm heng,4
dpm heng,chan chun s,4
illuminati,the great illuminati brotherhood,4
illuminati,UK,2
illuminati,whatsapp,2
illuminati,the great brotherhood of il,2
the great illuminati brotherhood,the great illuminati brotherhood,2
the great illuminati brotherhood,UK,4
the great illuminati brotherhood,whatsapp,4
the great illuminati brotherhood,the great brotherhood of il,4
UK,whatsapp,2
UK,the great brotherhood of il,2
UK,UK,2
UK,US,6
UK,taiwan,2
UK,czech,2
UK,warm blessings p. jayakumar,2
UK,pragu,2
whatsapp,the great brotherhood of il,2
whatsapp,giri ji,2
whatsapp,prawin,2
abe,abe san & japan,2
abe,john savuth yem,4
abe,abe,2
abe,cambodia,4
orchard road,iphon,2
orchard road,macbook,2
iphon,macbook,2
iphon,gogo,2
iphon,gogo’,2
sa long ngha,tri,4
tri,tri,2
honourable rest,harry lee kuan yew,2
govt,govt,4
govt,aamiin,2
govt,EP,2
govt,SP,2
govt,stand,2
govt,pap parti,2
govt,wish,2
govt,e & s pass,4
russian,chines,2
chines,gold ridg,4
chines,mercatus co-operative limit,2
chines,ntuc,2
chines,the singapore labour found,2
chines,mercatu,2
chines,nex,2
chines,pim foreign invest,2
chines,cic,2
chines,hong kong,4
chines,trung quc,2
chines,communist,2
chines,US,2
chines,trump,2
khichari,masali,2
motegi toshimitsu,salut,2
motegi toshimitsu,glad,4
motegi toshimitsu,motegi toshimitsu,2
salut,frontlin,2
salut,asean countri,2
salut,indonesia,2
salut,wish singapor,2
salut,pm shinzo,4
salut,clement ng,2
indonesia,ryan wan,2
indonesia,riau,2
indonesia,indonesia,2
indonesia,asean countri,2
indonesia,philippin,2
indonesia,russia,2
the primary production department!,ngiam,2
cambodia,asian,2
cambodia,vietcong,2
cambodia,john savuth yem,2
social distanc,catherine moodi,2
bangladesh,Le,2
bangladesh,09/08/2020 happy national day singapor,2
bangladesh,marin,2
bangladesh,eid,2
lee hsein loong,new cabinetth,2
lee hsein loong,the parliament hous,2
lee hsein loong,starts blessed govern,2
new cabinetth,the parliament hous,2
new cabinetth,starts blessed govern,2
the parliament hous,starts blessed govern,2
the parliament hous,wannabe xing qi,2
the parliament hous,tan chuan-jin,2
the parliament hous,GE,2
wah,af & 4,2
wah,bishan,2
US,mabuhay,2
US,singapore         ,2
US,let,2
US,US,6
US,trump,2
US,kim hong,2
US,philippin,2
US,taiwan,2
US,sir,2
US,canada,4
vincent le,armi,2
hong kong',tai wai,2
mrs anita tukeki,DM,2
singapore &,IG,2
EP,EP,14
EP,SP,26
EP,sgprn,4
EP,levi,4
EP,WP,2
EP,mnc,2
the country of singapor,grace,8
the country of singapor,marcy amen,2
grace,grace grac,2
grace,marcy amen,2
jalan jalan,stay healthy and happi,2
hahaha,coe,2
hahaha,token,2
hahaha,ryan oon,2
hahaha,huahuahuahuaaaa,2
hahaha,owmygosh,2
coe,token,2
kian,ken ong,2
kian,tumpang,2
ken ong,tumpang,2
singaporecan,enjoy,2
ferrari,ferrari,2
ferrari,lambo,2
ferrari,youtub,2
ferrari,lambo aventador,2
pm lee hsien loong,singaporeanthank,2
pm lee hsien loong,s'porean,2
harmoni,healthy too.with god',2
harmoni,immense bless,2
harmoni,ns square a vision inspir,2
harmoni,ns square com,2
harmoni,crave color,2
harmoni,grace ns squar,2
healthy too.with god',immense bless,2
govt god bless!,clean & green,2
white,cdp,2
white,mbfc,2
white,color,2
cdp,mbfc,2
mbfc,engin,2
#proud to be half filipino half american and,#majulah singapura,2
#proud to be half filipino half american and,#fight against the corona virus!,2
#majulah singapura,#fight against the corona virus!,2
boomthepestsg instagram,bomb,2
rovielyn cardoza,national university hospit,2
rovielyn cardoza,nuh,2
national university hospit,nuh,2
allahazzawajala,robbal alamin,2
dearest mr,red dot,2
patricia elizabeth,mrs patricia elizabethwil,2
heng,ms halimah,2
depression anxiety panic attacks trauma,suicidal thought,2
depression anxiety panic attacks trauma,clinical hypnosi,2
depression anxiety panic attacks trauma,hypnotherapi,2
suicidal thought,clinical hypnosi,2
suicidal thought,hypnotherapi,2
clinical hypnosi,hypnotherapi,2
best wish,havea beauti,2
best wish,eric chua,2
rip,nyiam,2
ns square a vision inspir,ns square com,2
ns square a vision inspir,crave color,2
ns square a vision inspir,grace ns squar,2
ns square com,crave color,2
ns square com,grace ns squar,2
crave color,grace ns squar,2
victoria,AU,2
victoria,sweden,2
victoria,scotland,2
AU,sweden,2
AU,scotland,2
sweden,scotland,2
nelson mandela,dad lee kwan yew,2
bersama untuk,singapura yang,2
bersama untuk,lebih,2
singapura yang,lebih,2
jayakumar,award,8
jayakumar,nrg singapor,2
jayakumar,jayakumar,2
jayakumar,singapore n,2
award,nrg singapor,2
bliss,U,2
U,congratulations keep,2
U,singapore n,2
U,ma'af,2
U,mdm,2
U,ntuc,2
U,mata u,2
U,kerajaan,2
U,sodok,2
singapore day.stay,philippin,2
philippin,indonesian,2
philippin,mr,2
philippin,sea covid,2
philippin,vietnam,2
philippin,russia,2
philippin,SC,2
heartiest congratul,s jayakumar,2
heartiest congratul,tan wu cheng,2
s jayakumar,tan wu cheng,2
glad,yam keng,2
glad,bto,2
glad,netizen,2
nurs,happy nurses day,2
nurs,work,2
seng,lamborghini or bentley,2
gold ridg,gold ridg,2
gold ridg,mercatus co-operative limit,4
gold ridg,ntuc,4
gold ridg,the singapore labour found,4
gold ridg,mercatu,4
gold ridg,nex,4
gold ridg,pim foreign invest,4
gold ridg,cic,4
mercatus co-operative limit,ntuc,2
mercatus co-operative limit,the singapore labour found,2
mercatus co-operative limit,mercatu,2
mercatus co-operative limit,nex,2
mercatus co-operative limit,pim foreign invest,2
mercatus co-operative limit,cic,2
ntuc,the singapore labour found,2
ntuc,mercatu,2
ntuc,nex,2
ntuc,pim foreign invest,2
ntuc,cic,2
ntuc,ma'af,2
ntuc,mdm,2
ntuc,mata u,2
ntuc,kerajaan,2
ntuc,sodok,2
the singapore labour found,mercatu,2
the singapore labour found,nex,2
the singapore labour found,pim foreign invest,2
the singapore labour found,cic,2
mercatu,nex,2
mercatu,pim foreign invest,2
mercatu,cic,2
nex,pim foreign invest,2
nex,cic,2
pim foreign invest,cic,2
louis ng,kwang assoc prof muhammad faishal ibrahim,2
louis ng,yishun,2
kwang assoc prof muhammad faishal ibrahim,yishun,2
yishun,motherhood,2
yishun,cai,2
yishun,png,2
yishun,shuai,2
yishun,GE,2
dpm,teo che,4
dpm,dpm,2
dpm,tony tan,4
dpm,prof s jayakumar,4
dpm,esm goh',4
teo che,tony tan,2
teo che,prof s jayakumar,2
teo che,esm goh',2
tony tan,prof s jayakumar,2
tony tan,esm goh',2
prof s jayakumar,esm goh',2
hpv,hopkin,4
volvo,bombardier alstom,2
volvo,mitsubishi,2
bombardier alstom,mitsubishi,2
halimah yaacob,great respect,2
halimah yaacob,race langaug,2
hwa chong,team singapor,2
hwa chong,congratulations yam keng,2
opposit,singapore govern,2
singapore govern,respect for singapore govern,2
singapore govern,respect for singapor,2
asian,wish tham,2
dad,beynon,2
GE,sg pap gov,2
GE,wannab,2
GE,motherhood,2
GE,cai,2
GE,png,2
GE,shuai,2
pm mr,christine phong,2
pm mr,cheng,2
danish,danish,2
the straits times team,heng swee keat,2
the straits times team,discord,4
the straits times team,straits tim,2
cherlyn,limjacinta,2
mrs patricia elizabeth bitcoin,penni,2
we are singapor,ndp2020,2
we are singapor,sgunit,2
ndp2020,sgunit,2
ndp2020,covid19 unit,2
ndp2020,ben puah,2
sgunit,pm mr lee sl,2
singapore         ,let,2
ho ching happi,chalmers wong,2
ho ching happi,marjulah singapura,2
chalmers wong,marjulah singapura,2
chalmers wong,heartiest,2
chalmers wong,robertson quay,2
ho cha,ho koon,2
ngiam tong dow,sea,2
ngiam tong dow,rip mr ngiam.,2
tran calvin,bitcoin/forex/binari,2
tran calvin,forex,2
blog,msm,2
buyer,sgd 1800/- per month,2
SP,SP,8
SP,sgprn,4
SP,levi,4
singapore happi,yes.thank,2
dignified & gratifi,superhero frontline healthcare warriors &,2
dignified & gratifi,resilient n,2
superhero frontline healthcare warriors &,resilient n,2
singlish,> chatbot,2
singlish,malaysian,2
singlish,siri,2
singlish,bixbi,2
great,lee kuan yew squar,2
great,mm lee,2
salt,new model recip,2
the red lion,awesom,2
the red lion,the sengkang hospital’,2
the red lion,saf,2
awesom,politician,2
spf share point forc,madam,2
saf,the sengkang hospital’,2
the republic of singapor,friends to our world,2
the republic of singapor,sg govern,2
the republic of singapor,trust,2
friends to our world,sg govern,2
friends to our world,trust,2
sg govern,trust,2
ah meng,the singapore zoological gardens!,2
ah meng,jalanjalan pm le,2
the singapore zoological gardens!,jalanjalan pm le,2
jack yeoh kun,ravi khemlani,2
brunei lakiun camp,tai,2
united singapor,united singapor,2
giri ji,prawin,2
christine phong,cheng,2
pro,jewel ktv,2
lee &,righteous,2
indonesian,retno marsudi,2
indonesian,istana,2
indonesian,mdm retno marsudi,2
wto,fcf,2
panason,sanyo toshiba n,2
app,dementia,2
app,alzheimer disease associ,2
dementia,alzheimer disease associ,2
wannabe xing qi,tan chuan-jin,2
singapore united &,singapore love &,2
joshua le,yo g,2
kabi ashok roshini,gumnani,2
kabi ashok roshini,anupa gumnani,2
gumnani,anupa gumnani,2
assalamu alaikum wa rehmatullahi wa barakatuhi ( holy eid al-adha,buddhist,2
assalamu alaikum wa rehmatullahi wa barakatuhi ( holy eid al-adha,purnima,2
assalamu alaikum wa rehmatullahi wa barakatuhi ( holy eid al-adha,muslim,4
assalamu alaikum wa rehmatullahi wa barakatuhi ( holy eid al-adha,mosqu,2
assalamu alaikum wa rehmatullahi wa barakatuhi ( holy eid al-adha,eid mubarak,2
buddhist,purnima,2
buddhist,muslim,4
buddhist,mosqu,2
buddhist,eid mubarak,2
purnima,muslim,4
purnima,mosqu,2
purnima,eid mubarak,2
muslim,mosqu,4
muslim,muslim,2
muslim,eid mubarak,4
mosqu,eid mubarak,2
wow,ktv,2
ceylones,mi kenn,2
ceylones,rohan,2
mi kenn,rohan,2
mike yen,europe & u.s.a.,2
mike yen,airborn,2
europe & u.s.a.,airborn,2
sgian,keyword,2
sgian,sgian,2
bangala,ali,2
ali,nachia eating hous,2
ali,hoe chiang,2
ali,isnin,2
ali,whatsapp 9389-2615,2
rice &,pm lhl,2
psp,jeffrey khoo,2
psp,ge2020,2
jeffrey khoo,ge2020,2
wish & pray,majulah singapurah,2
bahasa,bahasa,2
sgrean,sgrean,6
sgrean,earn,6
sgrean,citizen,6
earn,citizen,2
mr,binari,4
franki,tan si,2
franki,han,2
tan si,han,2
esg,alchemy food,2
singaporew,sggod,2
bmw,lynn chan,2
bmw,didier chia,2
singaporean chines,australia,2
singaporean chines,octogenarian,2
australia,octogenarian,2
the ndp organising committe,royston tan,2
stand,stand,2
noah,noah,2
noah,Me,8
Me,Me,2
ippt,ippt,2
malaysian,patrioticny,2
malaysian,bobby hoo,2
malaysian,leo lim,2
opportun,grow,2
lee madam,ho ching madam,2
hong kong,trung quc,4
hong kong,hong kong,2
hong kong,communist,4
trung quc,communist,2
kate spad,prada,2
kate spad,classi,2
prada,classi,2
sharon ng,the singapore govern,2
majulah singapura mari,singapura sama,2
majulah singapura mari,cita-cita kita,2
majulah singapura mari,berjaya singapura marilah,2
majulah singapura mari,dengan,2
singapura sama,cita-cita kita,2
singapura sama,berjaya singapura marilah,2
singapura sama,dengan,2
cita-cita kita,berjaya singapura marilah,2
cita-cita kita,dengan,2
berjaya singapura marilah,dengan,2
goodluck,leader,2
huahuahuahuaaaa,owmygosh,2
lee happy nurses' day,great keep,2
this mandai zoo,the pride of singapor,2
this mandai zoo,safari,2
the pride of singapor,safari,2
batam,busi,2
batam,john chan,2
huracan,ferrari sf90,2
happy bless,religion,2
lambo,lamborghini gallardo spyder -,2
lambo,sgcarmart,2
mrpm,honest,2
mrpm,person stay saf,2
mrpm,mrpm,2
honest,person stay saf,2
tabebuia,ns squar,2
ns squar,tempat ns squar,2
ns squar,saya,2
ns squar,the seating galleri,2
ns squar,river hongbao,4
ns squar,ns squar,2
ns squar,nation’,2
lian,ah beng,2
lynn chan,didier chia,2
sgprn,levi,2
tafep,true the management of this compani,2
benchod,push,2
meaningless,ourselves & lov,2
sg50,honour,2
sg50,the memorial hal,2
honour,the memorial hal,2
muhammad messenger s.a.w. peace be upon him glorious holy book,islam,2
muhammad messenger s.a.w. peace be upon him glorious holy book,non muslim,2
islam,non muslim,2
grace poh,pepito,2
david tao,calvin klein,2
david tao,hush puppi,2
calvin klein,hush puppi,2
clement ng',st luke,2
happy birthday singapor,55th & happy national day,2
tempat ns squar,saya,2
adrienne claxton,simon chater - and,2
adrienne claxton,laksa,2
simon chater - and,laksa,2
discord,discord,2
discord,straits tim,4
discord,straitstimes team,2
discord,muhammad faezin,2
tom & jerri,tak bol,2
brown,gaba,2
singaporeanshop,southeast asian,2
singaporeanshop,only singapor,2
southeast asian,only singapor,2
bulls**t,corona,2
selamat pagi,fr tampin,2
mediacorp,temasek,2
temasek,the people’s action parti,2
temasek,ho ch,2
lion citi,success,2
lion citi,pm lee & strong hop,2
ms m indrane,the leader of the opposition in parlia,2
ms m indrane,hous,2
the leader of the opposition in parlia,hous,2
juraimi sungip,farn,2
heartiest,robertson quay,2
dedication...,disciplin,2
jobs support schem,vikram khanna,2
jobs support schem,robert yap,2
vikram khanna,robert yap,2
learn,know,2
patrioticny,bobby hoo,2
patrioticny,leo lim,2
bobby hoo,leo lim,2
vietnam,sgp- vietnam,4
vietnam,asean chair,4
vietnam,vietnam,2
grey jedi,light,2
grey jedi,dark,2
light,dark,2
youtub,lambo aventador,2
melvin ho,melvin ho,2
hurri,viru,2
sentosa,& aquarium,2
singapura tanah air,tanah,2
singapura tanah air,daulat singapura demi,2
singapura tanah air,dan bangsa,2
tanah,daulat singapura demi,2
tanah,dan bangsa,2
daulat singapura demi,dan bangsa,2
kababayan,canada,2
canada,canada,2
baba,carolina,2
anda,singapura selamat,2
husband lee hsien loong,loyal serv,2
husband lee hsien loong,lin @angmokiogrc,2
loyal serv,lin @angmokiogrc,2
singaporean &,lee nice & bright,2
nu,ntu,2
covid19 unit,ben puah,2
team,the great effort,2
siri,bixbi,2
s'porean,wat,2
jo teo,Jo,2
ND,sylvia chen show mao,2
respect for singapore govern,respect for singapor,2
bangla dash,mas selamat,2
jessica ong robin naii,andrew ljd shella java lim joann,2
may singapor,god bless,2
sgaporean,sgaporean,2
lim chong,sim cheryl ng,2
mo,mot,2
covid ndp,halimah,2
hug,hugh,2
hug,open up singapore jb causeway asap,2
tey kian,heng nichola,2
national servic,cbd,2
changi shopping concierg,reply unsubcr,2
contributions to singapor,lifetim,2
contributions to singapor,pm-lhl spent,2
lifetim,pm-lhl spent,2
nachia eating hous,hoe chiang,2
nachia eating hous,isnin,2
nachia eating hous,whatsapp 9389-2615,2
hoe chiang,isnin,2
hoe chiang,whatsapp 9389-2615,2
isnin,whatsapp 9389-2615,2
pm-sa,jap-s,2
pm-sa,ask,2
jap-s,ask,2
italian,italian,2
taskforc,fluff,2
sgp- vietnam,asean chair,2
independ,sovereign n,2
independ,majulah singapura!,2
sovereign n,majulah singapura!,2
contract,jss,2
gogo,gogo’,2
cheng san,jalan kayu,2
congratulations keep,singapore n,2
epass,mycar,4
epass,epass,2
jim aitchison,ketchum’,2
jim aitchison,beach road,2
jim aitchison,lky’,2
jim aitchison,people one nation one singapor,2
ketchum’,beach road,2
ketchum’,lky’,2
ketchum’,people one nation one singapor,2
beach road,lky’,2
beach road,people one nation one singapor,2
lky’,people one nation one singapor,2
basic medical & car,civil defense med,2
lamborghini gallardo spyder -,sgcarmart,2
ma'af,mdm,2
ma'af,mata u,2
ma'af,kerajaan,2
ma'af,sodok,2
mdm,mata u,2
mdm,kerajaan,2
mdm,sodok,2
mata u,kerajaan,2
mata u,sodok,2
kerajaan,sodok,2
said,sworn,2
said,partliment,2
sworn,partliment,2
eddie boo,jin tang greg,2
eddie boo,weikang chan,2
eddie boo,yackson ng mickowiz,2
eddie boo,koh hui jia,2
jin tang greg,weikang chan,2
jin tang greg,yackson ng mickowiz,2
jin tang greg,koh hui jia,2
weikang chan,yackson ng mickowiz,2
weikang chan,koh hui jia,2
yackson ng mickowiz,koh hui jia,2
america,white hous,2
fta,alarie$,2
angmoh,spg,2
pleas,singpor,2
zoo,great nation build,2
lee & team,singapore & singaporean,2
nicole seah @,smc,2
money pow,health,4
money pow,mr abe n,2
health,health,2
health,mr abe n,4
czech,warm blessings p. jayakumar,2
czech,pragu,2
warm blessings p. jayakumar,pragu,2
sea,rip mr ngiam.,2
sea,uncle sam,2
motherhood,cai,2
motherhood,png,2
motherhood,shuai,2
cai,png,2
cai,shuai,2
png,shuai,2
cool,sg,4
cool,pandam,2
sg,sg,2
sg,pandam,4
christian,christian,6
suliana abdullah ryan idr,abdul rahman,2
retno marsudi,istana,2
retno marsudi,mdm retno marsudi,2
istana,mdm retno marsudi,2
istana,communist party of china politburo,2
istana,central commission for,2
istana,yang jiechi,2
communist party of china politburo,central commission for,2
communist party of china politburo,yang jiechi,2
central commission for,yang jiechi,2
nicol,jamu,2
GD,lee rainbow,2
straitstimes team,muhammad faezin,2
sabrina,ridzwan nurhazmi,2
the people’s action parti,ho ch,2
day.veri,singapore pm,2
herpes simplex viru,dr afua,2
fool,the reality of seeking a job,2
guidelin,rgl,2
dee ricki,joseph fami streisand,2
dee ricki,azroy,2
joseph fami streisand,azroy,2
lee kindli,toh long,2
