heavy fin	0	jail
heavy fin	0	pl
jail	0	pl
mahathir	0	umno
lee ban	0	electronic cigarett
lee ban	0	cigarett
lee ban	0	lung failures lung
lee ban	0	pneumonia
lee ban	0	Us
electronic cigarett	0	cigarett
electronic cigarett	0	lung failures lung
electronic cigarett	0	pneumonia
electronic cigarett	0	Us
cigarett	0	lung failures lung
cigarett	0	pneumonia
cigarett	0	Us
lung failures lung	0	pneumonia
lung failures lung	0	Us
pneumonia	0	Us
singaporean	0	australia
singaporean	0	our singapore govern
singaporean	0	tot
singaporean	0	singaporeans &
singaporean	0	miw
singaporean	0	singapor
singaporean	0	valentin
singaporean	0	PM
singaporean	0	pm lee
singaporean	0	the great team singapor
singaporean	0	abolish
singaporean	0	prime
singaporean	0	singaporean
singaporean	0	citizen
singaporean	0	SG
singaporean	0	chinapura
singaporean	0	covid-19
singaporean	0	china
singaporean	0	hahaha
singapor	0	solari
singapor	0	changi airport
singapor	0	f&b
singapor	0	singapor
singapor	0	wuhan
singapor	0	sco
singapor	0	pm lee
singapor	0	bin
singapor	0	chines
singapor	0	fuzhou
singapor	0	china
singapor	0	popular
singapor	0	hopefully chang
singapor	0	2nd
singapor	0	don
singapor	0	the great team singapor
singapor	0	the best caring lead
singapor	0	kiasi
singapor	0	malaysia
singapor	0	lee
singapor	0	lki
singapor	0	nonsens
singapor	0	scott morrison
singapor	0	cnn
singapor	0	philippin
singapor	0	ofw
singapor	0	department of foreign
singapor	0	philippine embassi
singapor	0	citizen
singapor	0	SG
solari	0	changi airport
changi airport	0	changi airport
changi airport	0	popular
changi airport	0	hopefully chang
f&b	0	breadtalk
crisi	0	the front line to face the worse that
wuhan	0	wuhan
wuhan	0	china
wuhan	0	2nd
wuhan	0	don
wuhan	0	lee pleas
wuhan	0	lee
xi jin p	0	chines
chines	0	china
chines	0	philippin
chines	0	prc
chines	0	cambodia africa
chines	0	pakistan sri lanka
chines	0	fuzhou
chines	0	chines
lei	0	jewel
lei	0	a&w
jewel	0	a&w
n everyone in the hospitals who are working so hard	0	salute / respect to al
n everyone in the hospitals who are working so hard	0	hospit
salute / respect to al	0	hospit
hospit	0	healthcar
hospit	0	& nurs
hospit	0	cleaner
hospit	0	technicians &
malaysia	0	yakuza mafia
malaysia	0	usa
malaysia	0	kiasi
malaysia	0	lki
malaysia	0	malaysia
malaysia	0	bali
china	0	philippin
china	0	prc
china	0	cambodia africa
china	0	pakistan sri lanka
china	0	Xi
china	0	china
china	0	SG
china	0	fact
china	0	US
china	0	gov
china	0	icu
china	0	chinapura
china	0	covid-19
china	0	disgust
china	0	the wuhan virus cr
china	0	the chinese themselv
china	0	americian
philippin	0	prc
philippin	0	cambodia africa
philippin	0	pakistan sri lanka
philippin	0	cnn
philippin	0	ofw
philippin	0	department of foreign
philippin	0	philippine embassi
prc	0	cambodia africa
prc	0	pakistan sri lanka
prc	0	SG
prc	0	fact
cambodia africa	0	pakistan sri lanka
sco	0	pm lee
pm lee	0	the great team singapor
pm lee	0	ntucgiantmustafa
singaporeans &	0	miw
raihan d'enigma	0	recruitfirst
recruitfirst	0	recruitfirst
search	0	toilet
search	0	pm lee lost
search	0	coronaviru
toilet	0	pm lee lost
toilet	0	coronaviru
pm lee lost	0	coronaviru
better	0	mee
normal cold	0	flu
normal cold	0	great speech
normal cold	0	social pan
flu	0	great speech
flu	0	social pan
great speech	0	social pan
weekli	0	BB
popular	0	hopefully chang
2nd	0	don
rip	0	UK
anwar	0	anwar
indonesia	0	lol
plaza singgrand hyatt	0	ngee ann c
plaza singgrand hyatt	0	rip orchardfin
ngee ann c	0	rip orchardfin
kiasi	0	kiasu
kiasi	0	trend
kiasu	0	trend
sgx	0	sgx
lee	0	grab
lee	0	gov
lee	0	x4
abolish	0	prime
toilet pap	0	toilet pap
SG	0	fact
SG	0	pragmat
SG	0	citizen
fact	0	fact
grab	0	gov
grab	0	x4
gov	0	x4
gov	0	icu
pm lhl	0	Sg
japanes	0	japanes
psvr	0	occulu
ho ch	0	chaitri hapugal
cnn	0	ofw
cnn	0	department of foreign
cnn	0	philippine embassi
ofw	0	department of foreign
ofw	0	philippine embassi
department of foreign	0	philippine embassi
dap	0	malaysian
healthcar	0	& nurs
healthcar	0	cleaner
healthcar	0	technicians &
& nurs	0	cleaner
& nurs	0	technicians &
cleaner	0	technicians &
breadtalk	0	breadtalk
kristoffer chandra	0	indo/u
netflix	0	maggi
anu prabhaa	0	kavin
chinapura	0	covid-19
opposit	0	GE
the wuhan virus cr	0	the chinese themselv
the wuhan virus cr	0	americian
the chinese themselv	0	americian
prime	1	singapor
prime	1	viet nam
prime	1	lee
prime	1	god
prime	1	lee hsien loong
singapor	1	icu
singapor	1	lee
singapor	1	singaporean
singapor	1	teck ghee parkview
singapor	1	happy bless
singapor	1	pm lee
singapor	1	al mighti
singapor	1	singapuran
singapor	1	yaa allah
singapor	1	singapor
singapor	1	mdm jun tay
singapor	1	pm mr lee
singapor	1	the teck ghee parkview
singapor	1	n95
singapor	1	donald trump
singapor	1	covid-19
singapor	1	ban
singapor	1	whatsapp
singapor	1	stand
singapor	1	this wuhan coronaviru
singapor	1	malaysia
singapor	1	salute sg pm
singapor	1	great inspir
singapor	1	japan
singapor	1	japanes
singapor	1	china
singapor	1	chines
singapor	1	lee truli
singapor	1	indonesian
singapor	1	critical condit
singapor	1	healthcare personnel
singapor	1	ncov
singapor	1	working from hom
singapor	1	salut
singapor	1	singaporean unit
singapor	1	one united singapor
singapor	1	asso prof mak'
singapor	1	expat
singapor	1	corona viru
singapor	1	dear singapore'
singapor	1	lhl
singapor	1	mr lee
singapor	1	pm n
singapor	1	melayu
singapor	1	buddha
singapor	1	jia you
singapor	1	china korea
singapor	1	muruga
singapor	1	corona
singapor	1	indonesia
singapor	1	cathol
singapor	1	sonie remash kumar
singapor	1	india
singapor	1	anwar
singapor	1	mahathir
singapor	1	lol
singapor	1	dr leong
singapor	1	changi airport
singapor	1	the changi airport staff
singapor	1	u &
singapor	1	Ho
singapor	1	supreme ways out &
singapor	1	vacine drug
singapor	1	wto
singapor	1	global emerg
singapor	1	awesom
singapor	1	australia
singapor	1	pm mr
singapor	1	newspap
singapor	1	thoma
singapor	1	pmlee
singapor	1	cleaner
singapor	1	the singapore govern
singapor	1	parliament
singapor	1	bangladesh
singapor	1	lee hsien
singapor	1	SG
singapor	1	respect
singapor	1	moh
singapor	1	pl
singapor	1	valentin
singapor	1	yesssss
singapor	1	pray pray
singapor	1	usa
singapor	1	kiasu
singapor	1	lee hsien loong
singapor	1	god
singapor	1	bless singapor
singapor	1	changi t3
singapor	1	lee h.l
singapor	1	majulah singapura
singapor	1	US
singapor	1	lion citi
singapor	1	bahtiar affendi
singapor	1	wuhan
singapor	1	america
singapor	1	prc
singapor	1	team singapor
singapor	1	superb
singapor	1	goodluck
singapor	1	singapore govern
singapor	1	the pap parti
singapor	1	unit
singapor	1	gottlieb
singapor	1	the supreme b
singapor	1	philippin
singapor	1	christian
singapor	1	majulah singapura !
singapor	1	dpm
singapor	1	world
singapor	1	wow
singapor	1	gov
singapor	1	truli
singapor	1	hongkong
singapor	1	macau
singapor	1	tokyo
singapor	1	shanghai
singapor	1	front
singapor	1	singapore changi international airport termin
singapor	1	new cycling track
singapor	1	best wish
singapor	1	hong kong
singapor	1	glad
singapor	1	hsie loong
singapor	1	ministers mp
singapor	1	the cna team
singapor	1	the latest news upd
singapor	1	our nation’
singapor	1	melayu singapor
singapor	1	speedy recoveri
singapor	1	pm lee hsien loong
singapor	1	goh mei pm
singapor	1	societi
singapor	1	happy valentines pm le
singapor	1	frontlin
singapor	1	ica
singapor	1	harbin
singapor	1	proven
singapor	1	tough strong
singapor	1	mask
singapor	1	the solar board
singapor	1	termin
singapor	1	icon
singapor	1	vietnam
singapor	1	healthcar
singapor	1	nurses & doctors security personnels cleaners volunt
singapor	1	united togeth
singapor	1	airport
singapor	1	pm lee!
singapor	1	iask
singapor	1	raymond
singapor	1	ofw
singapor	1	’s
singapor	1	ncp
singapor	1	heartfelt
singapor	1	pm lee dr
singapor	1	mo1
singapor	1	western
singapor	1	hindu
singapor	1	tamil
singapor	1	thai pusam
singapor	1	deepa
singapor	1	murugan
singapor	1	equality brotherhood
singapor	1	lee wish
singapor	1	demam denggi
singapor	1	dearest
singapor	1	happy valentine's day
singapor	1	paramed
singapor	1	negara
singapor	1	sgunit
singapor	1	hdb
singapor	1	p.m.
singapor	1	australian
singapor	1	sydney
singapor	1	changi
singapor	1	nu
singapor	1	mr.pm lee
singapor	1	yestogeth
singapor	1	bangladesh &
singapor	1	PM
singapor	1	p.m lee
singapor	1	corana
singapor	1	happy birthday
singapor	1	pm lee wish
singapor	1	love & appreci
singapor	1	cheer
singapor	1	care
singapor	1	grc
singapor	1	blame
singapor	1	AI
singapor	1	ntuc
singapor	1	the changi airport
singapor	1	singapore soka associ
singapor	1	buddhist
singapor	1	ndp
singapor	1	thaipusam
singapor	1	truly truly touch
singapor	1	combat
singapor	1	outbreak
singapor	1	uniti
singapor	1	heng
singapor	1	good health n happi
singapor	1	coronaviru
singapor	1	sg unit
singapor	1	respect &
singapor	1	healthcare work
singapor	1	sco
singapor	1	tai gai
singapor	1	nayuki
singapor	1	bless
singapor	1	switzerland
singapor	1	lsl
singapor	1	geylang
singapor	1	deepavali orchard
singapor	1	cni
singapor	1	whole
singapor	1	wowwwwww
singapor	1	laura
singapor	1	success
singapor	1	cviru
singapor	1	unsuperhero
singapor	1	selfneg
singapor	1	amaz
singapor	1	thankd
singapor	1	kamxia
singapor	1	frontline healthcar
singapor	1	the people's republic of china
singapor	1	ministry of transport
singapor	1	pm lee dpm heng
singapor	1	leader
singapor	1	richard thein
singapor	1	TG
icu	1	Dr
bangsabahasa	1	agama
bangsabahasa	1	majulah singapura
agama	1	majulah singapura
majulah singapura	1	pm lee
majulah singapura	1	singaporean
majulah singapura	1	amboi
majulah singapura	1	pandainya perdana menteri
majulah singapura	1	bahasa
majulah singapura	1	saya
majulah singapura	1	singapura
majulah singapura	1	lion citi
majulah singapura	1	bahtiar affendi
majulah singapura	1	jit
majulah singapura	1	dpm / fm mr
majulah singapura	1	lee
majulah singapura	1	bless
murugan	1	virus
murugan	1	lee
murugan	1	bless u
murugan	1	great thaipusam
singaporean	1	singaporean
singaporean	1	lee
singaporean	1	pm lee
singaporean	1	PM
singaporean	1	valentin
singaporean	1	stand
singaporean	1	great inspir
singaporean	1	causeway
singaporean	1	kia
singaporean	1	’s
singaporean	1	happy valentin
singaporean	1	SG
singaporean	1	singaporean unit
singaporean	1	one united singapor
singaporean	1	who
singaporean	1	soul
singaporean	1	peac
singaporean	1	philippin
singaporean	1	hongbao
singaporean	1	china korea
singaporean	1	this social awar
singaporean	1	thaipusam
singaporean	1	pure
singaporean	1	dpm heng
singaporean	1	pmlee
singaporean	1	lee kuan yew
singaporean	1	pm lee n
singaporean	1	the wuhan viru
singaporean	1	yesssss
singaporean	1	pray pray
singaporean	1	usa
singaporean	1	GE
singaporean	1	amk
singaporean	1	gerald mugliston
singaporean	1	lee hsien loong
singaporean	1	majullah singapura
singaporean	1	changi t3
singaporean	1	blessed valentine’s day
singaporean	1	amen
singaporean	1	asian
singaporean	1	jia you singapura!
singaporean	1	countri
singaporean	1	isopropyl alcohol 70%
singaporean	1	best chemical co (s)
singaporean	1	isopropyl alcohol 70
singaporean	1	covid-19
singaporean	1	mrt
singaporean	1	que
singaporean	1	singaporean &
singaporean	1	govt
singaporean	1	happy valentine'
singaporean	1	convid-19
singaporean	1	goh mei
singaporean	1	wow
singaporean	1	gov
singaporean	1	mr lee
singaporean	1	god
singaporean	1	gan en
singaporean	1	pm lee best wish
singaporean	1	singapore failur
singaporean	1	lki
singaporean	1	secur
singaporean	1	lawer
singaporean	1	pm lee iappreci
singaporean	1	jit
singaporean	1	dpm / fm mr
singaporean	1	lee thank
singaporean	1	ok.b
singaporean	1	united singapor
singaporean	1	happy valentines day
singaporean	1	unit
singaporean	1	pm.we
singaporean	1	happy birthday
singaporean	1	corona
singaporean	1	youth
singaporean	1	mrs lee
singaporean	1	india
singaporean	1	singapore &
singaporean	1	uncle/aunti
singaporean	1	icathi
singaporean	1	u al
singaporean	1	wuhan
singaporean	1	the doctors nurs
singaporean	1	blessed &
singaporean	1	ncov
singaporean	1	annie tan
singaporean	1	channel news asia
singaporean	1	macao
singaporean	1	bbc
singaporean	1	salute n
singaporean	1	4g team
singaporean	1	hong kong
singaporean	1	chines
singaporean	1	ntuc
singaporean	1	rbc
singaporean	1	punggol sengkang
singaporean	1	best wish
singaporean	1	ambul
singaporean	1	truly truly touch
singaporean	1	combat
singaporean	1	outbreak
singaporean	1	uniti
singaporean	1	america
singaporean	1	switzerland
singaporean	1	lsl
singaporean	1	solari
singaporean	1	standard singaporean
singaporean	1	singapore pm
singaporean	1	done.i
singaporean	1	cleaner
lee	1	china
lee	1	south korea
lee	1	pm lee
lee	1	lee  
lee	1	corona
lee	1	malaysia
lee	1	indonesia
lee	1	orang
lee	1	sg &pap
lee	1	u & singapor
lee	1	covid-19
lee	1	the singapore govern
lee	1	parliament
lee	1	bangladesh
lee	1	moh
lee	1	lesson
lee	1	god
lee	1	phil
lee	1	unitedand
lee	1	moe
lee	1	u pm
lee	1	bless u
lee	1	dpm heng
lee	1	pm lee your dpm
lee	1	jeffrey ng
lee	1	mask
lee	1	healthcar
lee	1	nurses & doctors security personnels cleaners volunt
lee	1	united togeth
lee	1	US
lee	1	goh mey
lee	1	ntuc
lee	1	salut
lee	1	dearest
lee	1	happy valentine's day
lee	1	paramed
lee	1	happy birthday
lee	1	SG
lee	1	philippin
lee	1	america
lee	1	lee
lee	1	all nurses doctor
lee	1	nuh
lee	1	bless
lee	1	keep calm
lee	1	glad
lee	1	TG
kaya	1	china
kaya	1	kaya
china	1	japan
china	1	japanes
china	1	south korea
china	1	pm lee
china	1	happy birthday
china	1	keep happy & healthi
china	1	coronaviru
china	1	kiasu kiasi & kiaflu
china	1	cannot
china	1	next
china	1	asian
china	1	sin
china	1	corona
china	1	chines
china	1	mrt
china	1	p.s.
china	1	goodluck
china	1	ncov
china	1	who
china	1	politiku
china	1	SG
china	1	wfh
china	1	elearn
china	1	smart countri
china	1	china
china	1	tokyo
china	1	shanghai
china	1	lee wish
china	1	super
china	1	korea
china	1	wuhan
china	1	negara
china	1	lion citi
china	1	parliament
china	1	share
china	1	china pastor
china	1	chinaporean
china	1	bangladesh
china	1	chin
china	1	mr lee
china	1	the people's republic of china
china	1	ministry of transport
china	1	hubei
pm lee	1	happy bless
pm lee	1	happiness and good health
pm lee	1	bigthank
pm lee	1	swee keat
pm lee	1	majulah singapura!
pm lee	1	moh
pm lee	1	soon lan
pm lee	1	sgh
pm lee	1	covid-19
pm lee	1	happy valentin
pm lee	1	SG
pm lee	1	south korea
pm lee	1	sinagpor
pm lee	1	airport
pm lee	1	ireland
pm lee	1	cdc
pm lee	1	sgunit
pm lee	1	pm lee
pm lee	1	the parliment hous
pm lee	1	dpm heng
pm lee	1	sonie remash kumar
pm lee	1	everything'
pm lee	1	changi
pm lee	1	healthcar
pm lee	1	donators support
pm lee	1	sg keep united & stay calm
pm lee	1	pmlee
pm lee	1	nu
pm lee	1	GE
pm lee	1	amk
pm lee	1	gerald mugliston
pm lee	1	sir
pm lee	1	idol
pm lee	1	bless singapor
pm lee	1	majullah singapura
pm lee	1	changi t3
pm lee	1	wuhan
pm lee	1	singaporian
pm lee	1	indonesia
pm lee	1	god
pm lee	1	unit
pm lee	1	dpm
pm lee	1	philippin
pm lee	1	happy valentine'
pm lee	1	convid-19
pm lee	1	jun tay
pm lee	1	chines
pm lee	1	gan en
pm lee	1	salcedo
pm lee	1	ike
pm lee	1	pm lee best wish
pm lee	1	hsie loong
pm lee	1	happy & healthy birthday
pm lee	1	the people around u
pm lee	1	corona
pm lee	1	’s
pm lee	1	truli
pm lee	1	salute to doctors nurses healthi
pm lee	1	working healthy care facil
pm lee	1	happy valentines day
pm lee	1	lee kuan yew
pm lee	1	mahathir
pm lee	1	happy valentine’s day
pm lee	1	salut
pm lee	1	govt
pm lee	1	singapore gover
pm lee	1	leaders mabuhay
pm lee	1	buddha
pm lee	1	bodhisattva
pm lee	1	india
pm lee	1	bless
pm lee	1	healthy birthday  
pm lee	1	asean countri
pm lee	1	sco
pm lee	1	happy birthday
pm lee	1	ministries to singapore police forc
pm lee	1	macao
pm lee	1	jia you
pm lee	1	salute n
pm lee	1	blessed birthday
pm lee	1	hong kong
pm lee	1	onward singapor
pm lee	1	angels doctors & nurs
pm lee	1	singapura
pm lee	1	ntuc
pm lee	1	the changi airport
pm lee	1	america
pm lee	1	b'day
pm lee	1	success
pm lee	1	citizen
pm lee	1	healthcare angel
pm lee	1	care
pm lee	1	singapore special commun
pm lee	1	glad
pm lee	1	mrs lee
pm lee	1	solari
pm lee	1	nostalgia
pm lee	1	singapore doctors and hospitals team
pm lee	1	valentin
pm lee	1	frontline healthcar
pm lee	1	goh mei
pm lee	1	istana
pm lee	1	loi hei
pm lee	1	changi air termin
pm lee	1	best wish
al mighti	1	singapuran
al mighti	1	yaa allah
singapuran	1	yaa allah
mdm jun tay	1	pm mr lee
PM	1	god
PM	1	lee hsien loong
PM	1	ghie
PM	1	SG
PM	1	success
god	1	lee hsien loong
god	1	salut
god	1	pm lhl
god	1	thankyou
god	1	dpm heng
god	1	mr lee
god	1	SG
god	1	philippin
god	1	the nation’
god	1	family’
god	1	singapore special commun
lee hsien loong	1	peace joy
lee hsien loong	1	mahathir
lee hsien loong	1	don't
lee hsien loong	1	salut
lee hsien loong	1	singapore indian festival celebr
lee hsien loong	1	lee hsien loong
lee hsien loong	1	mask
lee hsien loong	1	america
lee hsien loong	1	philippin
lee hsien loong	1	goh mei
lee hsien loong	1	happy blessed birthday pm
lee hsien loong	1	batam indonesia
lki	1	lki
lki	1	lhl
lki	1	singapore failur
lki	1	malay
the m showflat	1	cheer for us property ag
n95	1	donald trump
n95	1	covid-19
n95	1	n95
donald trump	1	donald trump
donald trump	1	covid-19
covid-19	1	govt
covid-19	1	soon lan
covid-19	1	sgh
covid-19	1	healthcar
covid-19	1	donators support
covid-19	1	sg keep united & stay calm
covid-19	1	the singapore govern
covid-19	1	parliament
covid-19	1	bangladesh
covid-19	1	valentin
covid-19	1	salut
covid-19	1	the people around u
covid-19	1	divine light
covid-19	1	brazil
covid-19	1	pck
covid-19	1	sng
covid-19	1	health
covid-19	1	huwan
covid-19	1	hppy valentine'
valentin	1	amos lim imee lim randall wong
valentin	1	justin koh
valentin	1	daymr.pm.lee hsien loong
valentin	1	wish u n famili
valentin	1	changi airport
valentin	1	mrs lee
valentin	1	salut
valentin	1	lee &
valentin	1	SG
valentin	1	frontline healthcar
valentin	1	stronger b posit
swee keat	1	majulah singapura!
whatsapp	1	speaking duck
whatsapp	1	’s
speaking duck	1	’s
’s	1	zero
’s	1	SG
malaysia	1	malaysia
malaysia	1	salute sg pm
malaysia	1	tuan
malaysia	1	menteri
malaysia	1	melayu
malaysia	1	national public health laboratori
malaysia	1	singapura
malaysia	1	bukannya
malaysia	1	rahman
malaysia	1	krn
malaysia	1	kuala lumpur
malaysia	1	corona
malaysia	1	indonesia
malaysia	1	anwar
malaysia	1	mahathir
malaysia	1	lol
malaysia	1	malay
malaysia	1	malaysian
malaysia	1	chines
malaysia	1	A.
malaysia	1	guardian
malaysia	1	bersatu
malaysia	1	learn
malaysia	1	kfc
malaysia	1	pegawai tentera
malaysia	1	laut diraja
malaysia	1	berek tldm woodland
malaysia	1	perdana menteri
malaysia	1	hindarkan
malaysia	1	bahasa
malaysia	1	SG
malaysia	1	salut
malaysia	1	fasih
malaysia	1	tuan perdana menteri
malaysia	1	tuan le
malaysia	1	menteri singapura
malaysia	1	timbalan menteri pendidikan
malaysia	1	buat ment
malaysia	1	hebat
malaysia	1	ucapan
malaysia	1	pedana menteri
malaysia	1	lee hsin loong
ncid	1	angel
ict	1	ict
tuan	1	menteri
tuan	1	menteri singapura
tuan	1	tuan di singapura
tuan	1	salut
tuan	1	bahasa
tuan	1	rakyat singapura
tuan	1	tuan kerana
tuan	1	melayu
tuan	1	seandainya
menteri	1	ahmad sheffri kenapa
menteri	1	tuan kerana
menteri	1	melayu
menteri	1	seandainya
menteri	1	tuan perdana menteri
menteri	1	buat ment
govt	1	chines
govt	1	singaporean &
govt	1	unit
govt	1	calm
govt	1	dun
govt	1	SG
chines	1	corona
chines	1	dap
chines	1	melayu
chines	1	ica
chines	1	vanuatu st. kitt
chines	1	pck
chines	1	SG
chines	1	ta'ala
chines	1	muslim
chines	1	uighur
chines	1	chines
chines	1	uighur commun
chines	1	islam
chines	1	musician
chines	1	hainan
chines	1	thailand
chines	1	lion citi
chines	1	parliament
chines	1	share
chines	1	china pastor
chines	1	wuhan
chines	1	coronaviru
chines	1	goh mei
chines	1	istana
chines	1	loi hei
nice post of thaipusam	1	jeffrey ng
jeffrey ng	1	unwellplease wear
jeffrey ng	1	jalanjalan for good health
jeffrey ng	1	colourful red shirt repres
jeffrey ng	1	cai
jeffrey ng	1	lo hei repres
jeffrey ng	1	changi airport
jeffrey ng	1	jeffrey ng
jeffrey ng	1	dpm heng
jeffrey ng	1	pm lee your dpm
jeffrey ng	1	young
jeffrey ng	1	lo hei post
jeffrey ng	1	vincent k. zen
jeffrey ng	1	chri
jeffrey ng	1	his hand
jeffrey ng	1	healthy pleas
armi	1	hospit
armi	1	doctors and nurs
armi	1	unit
hospit	1	doctors and nurs
hospit	1	unit
doctors and nurs	1	unit
unit	1	wuhan
unit	1	hygein
unit	1	speedy recoveri
unit	1	calm
unit	1	dun
unit	1	dpm
unit	1	heng salut
unit	1	dynam
unit	1	strong forev
unit	1	strength
salut	1	pm leethank
salut	1	bahasa
salut	1	rakyat singapura
salut	1	changi
salut	1	bangladeshi
salut	1	tamil
salut	1	fasih
salut	1	melayu
salut	1	salut
salut	1	& spore govt!
hero	1	thumb
portugues	1	debal
portugues	1	curri
debal	1	curri
lim yi fang	1	bbc
bbc	1	wuhan
bbc	1	parliament
causeway	1	kia
chen martin ng	1	ho ryan ong junyong tong
chen martin ng	1	thomas tong
chen martin ng	1	nuff
ho ryan ong junyong tong	1	thomas tong
ho ryan ong junyong tong	1	nuff
thomas tong	1	nuff
lee hl	1	singapore chinese cultural centr
lee hl	1	singapo
lee hl	1	congratul
singapore chinese cultural centr	1	singapo
singapore chinese cultural centr	1	congratul
singapo	1	congratul
trn th diu vân	1	:))
moh	1	SM
moh	1	dpm heng
moh	1	mdm
moh	1	wuhan
mesra rakyat	1	rakyat
mesra rakyat	1	aamiin
rakyat	1	aamiin
rakyat	1	dgn
soon lan	1	sgh
illuminati	1	illuminati
recoveri	1	discharg
SG	1	SG
SG	1	taiwan
SG	1	hongkong
SG	1	prc
SG	1	soul
SG	1	peac
SG	1	changi
SG	1	lee hsien
SG	1	respect
SG	1	dpm
SG	1	heng
SG	1	japan
SG	1	ghie
SG	1	zero
SG	1	gov
SG	1	ncov
SG	1	CV
SG	1	kkh
SG	1	wuhan
SG	1	canada
SG	1	hong kong
SG	1	ntuc
SG	1	buti
SG	1	sg govern
SG	1	success
SG	1	cviru
SG	1	carano
SG	1	pmlee
SG	1	sgpolic
japan	1	japan
japan	1	japanes
japan	1	south korea
japanes	1	japanes
japanes	1	ruan
japanes	1	fact
japanes	1	xiasuay idiot
coronaviru	1	netizen
coronaviru	1	jaiyu jaiyu
coronaviru	1	happy birthday
coronaviru	1	keep happy & healthi
coronaviru	1	kiasu kiasi & kiaflu
coronaviru	1	lion citi
coronaviru	1	parliament
coronaviru	1	share
coronaviru	1	china pastor
coronaviru	1	wuhan
coronaviru	1	good health n happi
netizen	1	jaiyu jaiyu
taiwan	1	hongkong
taiwan	1	prc
hongkong	1	prc
hongkong	1	macau
prc	1	once food republ
prc	1	bread talk
prc	1	suntec c
prc	1	macau
prc	1	prc
prc	1	china stop
blessedthank	1	pm gov
pm lee pl	1	dun
dun	1	calm
membela	1	kalau
philippin	1	filipino
philippin	1	the supreme b
philippin	1	christian
philippin	1	manila
philippin	1	hsie loong
philippin	1	pre
philippin	1	the changi airport
filipino	1	singaporian
filipino	1	filipino
australia	1	au
australia	1	awesom
australia	1	mr lee
indonesian	1	indonesia
indonesian	1	visa servic
indonesian	1	kitas 312 & extension 2
indonesian	1	retirement kita
indonesian	1	foreign investment company / pma 9
indonesian	1	kita
indonesian	1	fix.w
indonesian	1	indonesia & australia
critical condit	1	healthcare personnel
ncov	1	working from hom
ncov	1	who
ncov	1	politiku
ncov	1	gov
nepal	1	buddha
buddha	1	bodhisattva
singaporean unit	1	one united singapor
welldon the govern	1	an awesome budget for singaporean
goh	1	mei every1
goh	1	u sharing dear pm
motherland singapor	1	minister mentor
motherland singapor	1	motherland ai singapor
minister mentor	1	motherland ai singapor
minister mentor	1	sean
minister mentor	1	cathol
minister mentor	1	MM
minister mentor	1	our motherland singapor
who	1	politiku
who	1	who
who	1	covid
who	1	tedro
who	1	engineered/natural wuhan virus!
pm lee hsien loong	1	changi airport
pm lee hsien loong	1	ofw
changi airport	1	the changi airport staff
changi airport	1	pm lhl
changi airport	1	terminal 2
changi airport	1	the solar board
changi airport	1	termin
changi airport	1	icon
changi airport	1	airport
best	1	tqvm
happy birthday	1	keep happy & healthi
happy birthday	1	kiasu kiasi & kiaflu
keep happy & healthi	1	kiasu kiasi & kiaflu
SM	1	SM
SM	1	dpm heng
dpm heng	1	the parliment hous
dpm heng	1	budget
dpm heng	1	pm lee your dpm
dpm heng	1	pm lee n
expat	1	corona viru
corona viru	1	pray
corona viru	1	jia yo wuhan
dear singapore'	1	lhl
amboi	1	pandainya perdana menteri
amboi	1	bahasa
amboi	1	saya
amboi	1	singapura
pandainya perdana menteri	1	bahasa
pandainya perdana menteri	1	saya
pandainya perdana menteri	1	singapura
bahasa	1	saya
bahasa	1	singapura
bahasa	1	hindi
bahasa	1	older gen
bahasa	1	rakyat singapura
bahasa	1	tuan perdana menteri
bahasa	1	tuan le
bahasa	1	menteri singapura
bahasa	1	timbalan menteri pendidikan
bahasa	1	syaba
saya	1	singapura
saya	1	tuan perdana
saya	1	syabas tuan
singapura	1	bukannya
singapura	1	rahman
singapura	1	krn
singapura	1	kuala lumpur
singapura	1	tuan perdana
singapura	1	syabas tuan
singapura	1	tolong
singapura	1	pegawai tentera
singapura	1	laut diraja
singapura	1	berek tldm woodland
singapura	1	perdana menteri
singapura	1	hindarkan
singapura	1	anda
singapura	1	inggeri
singapura	1	singapura
mr lee	1	pm lee happy birthday
mr lee	1	amituofo
melayu	1	melayu singapor
melayu	1	fasih
melayu	1	melayu
melayu	1	tuan kerana
melayu	1	seandainya
melayu	1	sangat
airport	1	pmlee
airport	1	sporean
airport	1	& nurses & dr
soul	1	peac
sir	1	beatiful
sir	1	sirand
halimah	1	sporean
halimah	1	amituofo
sporean	1	amituofo
sporean	1	wuhan
sporean	1	pmlee
sporean	1	& nurses & dr
sporean	1	sporean
wo ai ni  	1	ai xin-jia
boss	1	la.w
bukannya	1	rahman
bukannya	1	krn
bukannya	1	kuala lumpur
rahman	1	krn
rahman	1	kuala lumpur
krn	1	kuala lumpur
amos lim imee lim randall wong	1	justin koh
straits tim	1	lol
lol	1	anwar
lol	1	mahathir
lol	1	lol
lol	1	mei qi or
lol	1	isaac chew
lol	1	jennifer yu
lol	1	richard lee yuki
n nice pictur	1	US
US	1	stay strong
US	1	epidem
US	1	medical teams and
US	1	healthcare work
US	1	best effort
US	1	united forc
US	1	pl
US	1	US
US	1	the time for us to see hw much care n
US	1	positiveti
US	1	DO
US	1	i. teach
mahathir	1	don't
mahathir	1	anwar
mahathir	1	mahathir
mahathir	1	malaysian
corona	1	indonesia
corona	1	corona
corona	1	newspap
corona	1	thoma
corona	1	tough strong
corona	1	jewel changi airport
corona	1	leader
corona	1	richard thein
corona	1	air
corona	1	polri-#tni
indonesia	1	indonesia
airforc	1	navi
cathol	1	cathol
cathol	1	sean
cathol	1	MM
cathol	1	our motherland singapor
b.i.	1	dap
a bangladeshi trust	1	leew
india	1	majula singapura
kena	1	kena la
Sg	1	moe
Sg	1	Gd
moe	1	moe
changi	1	kai tak
changi	1	sydney
u pm le	1	U
U	1	team build
U	1	trip
U	1	Us
U	1	memori
leader	1	keep
leader	1	richard thein
tuan perdana	1	syabas tuan
u &	1	Ho
u &	1	supreme ways out &
u &	1	vacine drug
u &	1	wto
u &	1	global emerg
Ho	1	supreme ways out &
Ho	1	vacine drug
Ho	1	wto
Ho	1	global emerg
supreme ways out &	1	vacine drug
supreme ways out &	1	wto
supreme ways out &	1	global emerg
vacine drug	1	wto
vacine drug	1	global emerg
wto	1	global emerg
cannot	1	next
cannot	1	asian
cannot	1	sin
next	1	asian
next	1	sin
asian	1	sin
afford	1	jesuschrist nam
curry devil	1	hainanes
curry devil	1	eurasian
hainanes	1	eurasian
orang	1	shopping mal
orang	1	dorscon
sg &pap	1	u & singapor
ST	1	guardian watson
ST	1	alexandra hospit
ST	1	non-premium
guardian watson	1	alexandra hospit
newspap	1	thoma
healthcar	1	donators support
healthcar	1	sg keep united & stay calm
healthcar	1	nurses & doctors security personnels cleaners volunt
healthcar	1	united togeth
healthcar	1	god bless singapore & majulah singapura
donators support	1	sg keep united & stay calm
mrt	1	que
stay strong	1	epidem
stay strong	1	medical teams and
stay strong	1	healthcare work
stay strong	1	best effort
stay strong	1	united forc
epidem	1	medical teams and
epidem	1	healthcare work
epidem	1	best effort
epidem	1	united forc
medical teams and	1	healthcare work
medical teams and	1	best effort
medical teams and	1	united forc
healthcare work	1	best effort
healthcare work	1	united forc
healthcare work	1	zhang
healthcare work	1	the doctors nurs
healthcare work	1	sg unit
healthcare work	1	respect &
healthcare work	1	sco
best effort	1	united forc
pmlee	1	pmlee
pmlee	1	& nurses & dr
pmlee	1	sgpolic
the singapore govern	1	the singapore govern
the singapore govern	1	parliament
the singapore govern	1	bangladesh
parliament	1	bangladesh
parliament	1	lion citi
parliament	1	share
parliament	1	china pastor
parliament	1	wuhan
colourful red shirt repres	1	cai
colourful red shirt repres	1	lo hei repres
cai	1	lo hei repres
lee hsien	1	respect
respect	1	wonderful mus
pl	1	the time for us to see hw much care n
pl	1	positiveti
pl	1	pl
pl	1	DO
pl	1	ndp
ate iris tabasa	1	kuya david tan
wakakakaaa	1	dukan
fianc	1	this solaris board
fianc	1	banzon magno
this solaris board	1	banzon magno
maggi	1	goh meh!
yesssss	1	pray pray
GE	1	amk
GE	1	gerald mugliston
GE	1	GE
amk	1	gerald mugliston
bruno fernand	1	sport
malaysian	1	myk munyi’
malaysian	1	malay
malaysian	1	A.
malaysian	1	guardian
malaysian	1	merdaka
malaysian	1	pioneer
malaysian	1	kelantan st
malaysian	1	malay languag
pilipinassobrang	1	esp.publ
daymr.pm.lee hsien loong	1	wish u n famili
lee yen	1	chin yong dhaliisa
lee yen	1	lai yoke fong
chin yong dhaliisa	1	lai yoke fong
the time for us to see hw much care n	1	positiveti
the time for us to see hw much care n	1	DO
positiveti	1	DO
lion citi	1	bahtiar affendi
lion citi	1	share
lion citi	1	china pastor
lion citi	1	wuhan
amen	1	the pap g turn a
amen	1	the virus spread
malay	1	malay
mask	1	speech indeed singapor
mask	1	panic
mask	1	the transport and public area
wuhan	1	wuhan
wuhan	1	saf
wuhan	1	share
wuhan	1	china pastor
wuhan	1	kkh
dpm	1	heng
dpm	1	heng salut
dpm	1	dynam
dpm	1	strong forev
dpm	1	ministry of fin
heng	1	ministry of fin
georg	1	robert
georg	1	earn
georg	1	george and team
team singapor	1	superb
team singapor	1	woohooo
superb	1	woohooo
volunteers all medical researchers and whoever involv	1	heartfelt
ministry of health singapore duke-nus medical school	1	singapore police force salut
team build	1	trip
team build	1	Us
team build	1	memori
trip	1	Us
trip	1	memori
Us	1	memori
the supreme b	1	christian
pray	1	jia yo wuhan
comité	1	thomas bach
comité	1	jeux
comité	1	tokyo
comité	1	tenue de jo
thomas bach	1	jeux
thomas bach	1	tokyo
thomas bach	1	tenue de jo
jeux	1	tokyo
jeux	1	tenue de jo
tokyo	1	tenue de jo
tokyo	1	tokyo
tokyo	1	shanghai
isopropyl alcohol 70%	1	best chemical co (s)
isopropyl alcohol 70%	1	isopropyl alcohol 70
best chemical co (s)	1	isopropyl alcohol 70
hindi	1	older gen
once food republ	1	bread talk
once food republ	1	suntec c
bread talk	1	suntec c
bread talk	1	yeo
bread talk	1	soya bean
suvitha sathish	1	sathish kumar
wfh	1	elearn
wfh	1	smart countri
elearn	1	smart countri
covid	1	tedro
syf	1	&
syf	1	syf
&	1	ntuc
coffeeshop	1	glad
coffeeshop	1	chai
glad	1	chai
glad	1	community trust fund
glad	1	msf
glad	1	people's associ
chai	1	world
chai	1	chaitri
world	1	chaitri
ntuc	1	household brand
ntuc	1	sheng shiong
household brand	1	sheng shiong
A.	1	guardian
goh mei	1	thaipusam & chap
goh mei	1	goh mei
goh mei	1	istana
goh mei	1	loi hei
wow	1	gov
gov	1	gov
the actual place started the spread of the covid 19	1	viru
ica	1	vanuatu st. kitt
ica	1	harbin
singapore changi international airport termin	1	new cycling track
singapore changi international airport termin	1	best wish
new cycling track	1	best wish
best wish	1	china medical stocks &
best wish	1	singapore ministry of health
best wish	1	punggol sengkang
loa	1	RI
loa	1	moh media
loa	1	loa/shn
loa	1	NC
loa	1	yong khim hon
RI	1	vip
salcedo	1	ike
budget	1	pm lee dpm heng
menteri singapura	1	tuan di singapura
menteri singapura	1	singapura & malaysia
menteri singapura	1	timbalan menteri pendidikan
katherine chow	1	jonathan lim
ministers mp	1	the cna team
ministers mp	1	the latest news upd
ministers mp	1	our nation’
the cna team	1	the latest news upd
the cna team	1	our nation’
the latest news upd	1	our nation’
doscan	1	facebook twitt
community trust fund	1	msf
community trust fund	1	people's associ
msf	1	people's associ
talk	1	alert
moh media	1	loa/shn
moh media	1	NC
loa/shn	1	loa/shn
loa/shn	1	NC
pck	1	twin
chin chee yang	1	david foo chia pow-li - standbi
happy blessed birthday mr	1	this little red dot
apa	1	wallahwaalam
pm lee &	1	the doctors nurses &
ucapan	1	pedana menteri
ucapan	1	lee hsin loong
pedana menteri	1	lee hsin loong
secur	1	lawer
jit	1	dpm / fm mr
lee thank	1	ok.b
UK	1	dorscon orang
UK	1	UK
UK	1	pls advise pm
UK	1	italy korea
dorscon orang	1	pls advise pm
partida	1	doh sec
learn	1	katong park
learn	1	coasta sand
learn	1	kota tinggi
learn	1	kfc
katong park	1	coasta sand
katong park	1	kota tinggi
coasta sand	1	kota tinggi
pm video	1	press brief
mrs lee	1	youth
mrs lee	1	majulah singapor
salute to doctors nurses healthi	1	working healthy care facil
diane wass deborah kelli	1	john macarthur
aku	1	panik
amin hop	1	tuhan b
the pap g turn a	1	the virus spread
the solar board	1	termin
the solar board	1	icon
termin	1	icon
george quek	1	breadtalk
happy valentines day	1	happy valentines day
vietnam	1	cách
vietnam	1	l hin long
j. a. halim	1	jannah
nurses & doctors security personnels cleaners volunt	1	united togeth
iask	1	raymond
kepada perdana	1	kamu
kamu	1	kamu
sean	1	MM
sean	1	our motherland singapor
MM	1	our motherland singapor
tidak singapor	1	anda
tidak singapor	1	pak perdanab menteri
tidak singapor	1	singapore rkyat
anda	1	pak perdanab menteri
anda	1	singapore rkyat
pak perdanab menteri	1	singapore rkyat
mo1	1	western
hindu	1	tamil
hindu	1	thai pusam
hindu	1	deepa
tamil	1	thai pusam
tamil	1	deepa
thai pusam	1	deepa
ngaserin	1	adriel chua
patrick gentilechristian gentileanthony gentil	1	prof patrick
politician	1	citizen
citizen	1	healthcare angel
mirip	1	ana chellsi
mirip	1	lisa lim
ana chellsi	1	lisa lim
yong	1	yong
yong	1	medan
yong	1	hokkien haisien
medan	1	medan
medan	1	hokkien haisien
dearest	1	happy valentine's day
dearest	1	paramed
happy valentine's day	1	paramed
pegawai tentera	1	laut diraja
pegawai tentera	1	berek tldm woodland
pegawai tentera	1	perdana menteri
pegawai tentera	1	hindarkan
laut diraja	1	berek tldm woodland
laut diraja	1	perdana menteri
laut diraja	1	hindarkan
berek tldm woodland	1	perdana menteri
berek tldm woodland	1	hindarkan
perdana menteri	1	hindarkan
cách	1	l hin long
ta'ala	1	muslim
ta'ala	1	uighur
ta'ala	1	uighur commun
ta'ala	1	islam
muslim	1	uighur
muslim	1	muslim
muslim	1	uighur commun
muslim	1	islam
uighur	1	uighur commun
uighur	1	islam
uighur commun	1	islam
mediacorp	1	cantones
ken lim	1	ms kit chan
coach georg	1	lifesav
musician	1	hainan
musician	1	thailand
hainan	1	thailand
singapore gover	1	leaders mabuhay
vincent k. zen	1	chri
jenna chri	1	alice neo bee har see the q @
gain city court	1	harvey norman
singapore &	1	singapore &
p.m.	1	australian
juliechung lingaweng	1	kuahiung chin mega lee saya
h.e. pm	1	timor-lest
dan	1	kristian
dan	1	dan
merdaka	1	pioneer
bless	1	healthy birthday  
efficient leadership	1	fave airport changi
icathi	1	u al
xiasuay idiot	1	xiasuay idiot
rhett tann	1	shamril jamil
rhett tann	1	permanent &
shamril jamil	1	permanent &
yestogeth	1	bangladesh &
divine light	1	divine light
divine light	1	brazil
george ng	1	matt mohan
hebat	1	sama
share	1	china pastor
cambodia	1	cambodia
itali	1	italia
italia	1	italia
sco	1	sg unit
sco	1	respect &
shopping mal	1	dorscon
bloomberg	1	john micklethwait
ronaldo	1	schole
wish u	1	happy birthday pm
heng salut	1	dynam
heng salut	1	strong forev
dynam	1	strong forev
amos lim randall wong	1	imee lim justin koh
ndp	1	singapore soka associ
ndp	1	buddhist
annie tan	1	channel news asia
sng	1	sng
tuan kerana	1	seandainya
trump	1	boris johnson
care	1	grc
success	1	b'day
success	1	cviru
tuan perdana menteri	1	tuan le
tuan perdana menteri	1	buat ment
fairprice everything super expensive pls support	1	uncle or aunti
lawrence wong	1	cna
birthdaysir	1	happinesshappi
birthdaysir	1	healthy mind
birthdaysir	1	joy
happinesshappi	1	healthy mind
happinesshappi	1	joy
healthy mind	1	joy
kelantan st	1	malay languag
lee kwan yew	1	republic of singapor
lee kwan yew	1	seperti
lee kwan yew	1	uud
republic of singapor	1	seperti
republic of singapor	1	uud
seperti	1	uud
the nation’	1	family’
speech indeed singapor	1	panic
speech indeed singapor	1	the transport and public area
panic	1	the transport and public area
singapore soka associ	1	buddhist
truly truly touch	1	combat
truly truly touch	1	outbreak
truly truly touch	1	uniti
combat	1	outbreak
combat	1	uniti
outbreak	1	uniti
sg unit	1	respect &
pm leedaddi	1	jhyr simbr
lee happi	1	meeeeeeeeeeeeee
tai gai	1	nayuki
visa servic	1	kitas 312 & extension 2
visa servic	1	retirement kita
visa servic	1	foreign investment company / pma 9
visa servic	1	kita
visa servic	1	fix.w
visa servic	1	indonesia & australia
kitas 312 & extension 2	1	retirement kita
kitas 312 & extension 2	1	foreign investment company / pma 9
kitas 312 & extension 2	1	kita
kitas 312 & extension 2	1	fix.w
kitas 312 & extension 2	1	indonesia & australia
retirement kita	1	foreign investment company / pma 9
retirement kita	1	kita
retirement kita	1	fix.w
retirement kita	1	indonesia & australia
foreign investment company / pma 9	1	kita
foreign investment company / pma 9	1	fix.w
foreign investment company / pma 9	1	indonesia & australia
kita	1	kita
kita	1	fix.w
kita	1	indonesia & australia
fix.w	1	indonesia & australia
yeo	1	soya bean
toilet	1	milo
health	1	huwan
sigaporean	1	ppe
solari	1	nostalgia
solari	1	singapore airlin
geylang	1	deepavali orchard
geylang	1	cni
deepavali orchard	1	cni
korang	1	sebab
korang	1	tun lee kuan yew
sebab	1	tun lee kuan yew
phua chu kang	1	patricia mok
phua chu kang	1	kumar
patricia mok	1	kumar
joella panthradil joshua georg	1	sarah elizabeth thoma
mdm tay	1	screen
mdm tay	1	singapore hat
screen	1	singapore hat
unsuperhero	1	selfneg
tuan pm lee saya wni	1	kami
maghuga	1	mark ray
the people's republic of china	1	ministry of transport
istana	1	loi hei
TG	1	TG
mei qi or	1	isaac chew
mei qi or	1	jennifer yu
mei qi or	1	richard lee yuki
isaac chew	1	jennifer yu
isaac chew	1	richard lee yuki
jennifer yu	1	richard lee yuki
air	1	polri-#tni
lee hsien loong	2	singapor
lee hsien loong	2	tamil nadu
singapor	2	singapor
singapor	2	tamil nadu
singapor	2	loong
singapor	2	canadian
singapor	2	pm lee
singapor	2	singaporean
singapor	2	health
singapor	2	malaysian
singapor	2	pm lee hsien loong
singapor	2	salute you pm
singapor	2	great respect &
singapor	2	god
singapor	2	godbless
singapor	2	lee
singapor	2	guardian
singapor	2	salut
singapor	2	blessed valentine’s day
singapor	2	the valentine’s day
singapor	2	respect
aminah	2	al fatihah
loong	2	canadian
united singapor	2	pm mr lee
united singapor	2	dpm heng
pm mr lee	2	dpm heng
pm mr lee	2	truli
pm mr lee	2	singaporean
dpm heng	2	pm lee
dpm heng	2	singaporean
pm lee	2	valentin
pm lee	2	singaporean
pm lee	2	godbless
china	2	australia u
SG	2	lee
lee	2	eileen ong
lee	2	iri
lee	2	lee kuan
lee	2	asian
lee	2	changi airport
lee	2	guardian
lee	2	salut
lee	2	blessed valentine’s day
singaporean	2	singaporean
singaporean	2	world financi
singaporean	2	great respect &
singaporean	2	godbless
singaporean	2	hong kong
singaporean	2	comfortdelgro
singaporean	2	truli
valentin	2	valentin
valentin	2	chaitri
eileen ong	2	iri
salut	2	healthcar
salut	2	the caring ward
salut	2	guardian
salut	2	blessed valentine’s day
healthcar	2	the caring ward
team sinagpor	2	love
team sinagpor	2	majula singapura
love	2	majula singapura
lee kuan	2	asian
god	2	PM
guardian	2	blessed valentine’s day
tqvm	2	lee & team
narita	2	kai tak
PM	2	syaba
PM	2	pak le
PM	2	bahasa
PM	2	negeri anda
PM	2	melayu
PM	2	indonesia
PM	2	malaysia
presidentmr lee &	2	covid 19
hong kong	2	comfortdelgro
syaba	2	pak le
syaba	2	bahasa
syaba	2	negeri anda
syaba	2	melayu
syaba	2	indonesia
syaba	2	malaysia
pak le	2	bahasa
pak le	2	negeri anda
pak le	2	melayu
pak le	2	indonesia
pak le	2	malaysia
bahasa	2	negeri anda
bahasa	2	melayu
bahasa	2	indonesia
bahasa	2	malaysia
negeri anda	2	melayu
negeri anda	2	indonesia
negeri anda	2	malaysia
melayu	2	indonesia
melayu	2	malaysia
indonesia	2	malaysia
chines	3	prc
chines	3	kyoto
chines	3	japanes
chines	3	mee goreng
chines	3	kim seng east school
chines	3	malay
chines	3	china
chines	3	barbarian
chines	3	singaporean
chines	3	singapor
chines	3	chines
chines	3	corona
chines	3	american
chines	3	america
chines	3	leader
chines	3	hdb
chines	3	india bangla
chines	3	cantones
chines	3	hous
chines	3	qui
chines	3	curri
chines	3	middle kingdom
chines	3	taiwan
chines	3	SG
chines	3	melayu
chines	3	malaysia
prc	3	kyoto
prc	3	japanes
prc	3	SG
prc	3	s h n
prc	3	pm lee
prc	3	prc
prc	3	singaporean
prc	3	china
prc	3	quarantin facil
prc	3	extra precaut
prc	3	ica
prc	3	singapor
prc	3	wuhan
prc	3	middle kingdom
kyoto	3	japanes
japanes	3	singaporean
japanes	3	dorscon orang
japanes	3	japan
japanes	3	japanes
japanes	3	taiwan
japanes	3	the china chinese fight
japanes	3	snatch
japanes	3	german
japanes	3	singapor
japanes	3	bill gat
japanes	3	learn
dyson	3	singapor
dyson	3	telsa
singapor	3	telsa
singapor	3	GE
singapor	3	vto
singapor	3	thailand
singapor	3	china
singapor	3	KL
singapor	3	singapor
singapor	3	melayu
singapor	3	malaysia
singapor	3	countri
singapor	3	singapore total defense tot
singapor	3	shiok
singapor	3	covid-19
singapor	3	wuhan
singapor	3	corona
singapor	3	sara
singapor	3	singaporean
singapor	3	tengok
singapor	3	dap
singapor	3	kalau
singapor	3	nep
singapor	3	jawi
singapor	3	indian
singapor	3	american
singapor	3	new zealand
singapor	3	india
singapor	3	philippin
singapor	3	mynmar
singapor	3	china yuan
singapor	3	watson’
singapor	3	ntuc
singapor	3	musta
singapor	3	mrt
singapor	3	who
singapor	3	ntuc fair pric
singapor	3	sheng siong
singapor	3	taiwan
singapor	3	pm lee
singapor	3	lki
singapor	3	health
singapor	3	covd-19
singapor	3	gov
singapor	3	st john island
singapor	3	lee hsien loong
singapor	3	national library board
singapor	3	nlb
singapor	3	f&b
singapor	3	william wan
singapor	3	sia
singapor	3	betul
singapor	3	sg govt
singapor	3	japan
singapor	3	tuan pm
singapor	3	the china aerobatic team
singapor	3	the straits tim
singapor	3	moh
singapor	3	mask
singapor	3	the ministry of health
singapor	3	duke-nus med
singapor	3	the grace assembl
singapor	3	mahathir
singapor	3	ica
singapor	3	singaporeansmad
singapor	3	lee
singapor	3	german
singapor	3	bill gat
singapor	3	hong kong
singapor	3	taiwanes
singapor	3	cni
singapor	3	singaporean’
singapor	3	icu
singapor	3	the ministry of toilet
singapor	3	ty pm.(
singapor	3	novel coronaviru
singapor	3	non
singapor	3	coronaviru
singapor	3	toilet
singapor	3	indonesia & malaysia
singapor	3	manufacture paper products for export
singapor	3	seelah
singapor	3	SG
singapor	3	eg.air
singapor	3	merc
singapor	3	this wuhan viru
singapor	3	usa
singapor	3	fchina usa
singapor	3	ccp
singapor	3	xjp
singapor	3	yuan xiao
singapor	3	cctv
singapor	3	2nd
singapor	3	the world health organ
singapor	3	wah
singapor	3	kumar
singapor	3	sabyasachi da
singapor	3	aditya v hari
singapor	3	divyang mistri
singapor	3	ravi rana
singapor	3	ravi shankar
singapor	3	abhishek nigam
singapor	3	indonesia
singapor	3	orang
singapor	3	hihihi
singapor	3	cambodia
singapor	3	screw
singapor	3	the chinese govern
singapor	3	social defence psychological defence civil defence military defenceeconomic def
singapor	3	malaysian
singapor	3	viru
singapor	3	revok
singapor	3	loa
GE	3	vto
dapat	3	bahada
dapat	3	pidatonya
dapat	3	tanjung
bahada	3	pidatonya
bahada	3	tanjung
pidatonya	3	tanjung
malaysia	3	5pc
malaysia	3	pmtpm
malaysia	3	kayaknya
malaysia	3	melayu
malaysia	3	seperti
malaysia	3	indonesia
malaysia	3	brunei darussalam
malaysia	3	teruja
malaysia	3	pm singapura
malaysia	3	fox
malaysia	3	menteri
malaysia	3	tabik
malaysia	3	singapura
malaysia	3	tengok
malaysia	3	dap
malaysia	3	kalau
malaysia	3	malaysia
malaysia	3	nep
malaysia	3	jawi
malaysia	3	pa
malaysia	3	china
malaysia	3	bahasa
malaysia	3	bagusnya
malaysia	3	bersemangat
malaysia	3	tahun melawat
malaysia	3	indian
malaysia	3	sia
malaysia	3	betul
malaysia	3	cambodia
malaysia	3	corona
malaysia	3	anwar
malaysia	3	haaaaa
malaysia	3	uik
malaysia	3	melayu la
malaysia	3	malay
malaysia	3	india
malaysia	3	tuan perdana
malaysia	3	menteri singapura
malaysia	3	mahathir & anwar
malaysia	3	mahathir
malaysia	3	sebagai
malaysia	3	menteri le
malaysia	3	beliau
malaysia	3	merc
malaysia	3	seriously aku
malaysia	3	wuhan
malaysia	3	johor
malaysia	3	azmin
malaysia	3	anwar mahathir
malaysia	3	bersatu
malaysia	3	semoga kerajaan
malaysia	3	ikhla
singaporean	3	tsk
singaporean	3	singapirean
singaporean	3	josephin
singaporean	3	dorscon orang
singaporean	3	singaporean
singaporean	3	wiliamwan
singaporean	3	pck
singaporean	3	lee kudo
singaporean	3	wuhan
singaporean	3	indian
singaporean	3	china
singaporean	3	ntuc fair pric
singaporean	3	sheng siong
singaporean	3	william wan
singaporean	3	japan
singaporean	3	cc
singaporean	3	lee
singaporean	3	india
singaporean	3	coz
singaporean	3	hkg
singaporean	3	pm lee
singaporean	3	ministry of health singapor
singaporean	3	ntuc
singaporean	3	SG
singaporean	3	yaya papaya
singaporean	3	credit
singaporean	3	gov
singaporean	3	their red passport
singaporean	3	chennai
singaporean	3	shn
singaporean	3	’s
singaporean	3	revok
singaporean	3	loa
passes &	3	countri
passes &	3	employer heavi
passes &	3	jail
countri	3	employer heavi
countri	3	jail
countri	3	singapore total defense tot
employer heavi	3	jail
thailand	3	china
china	3	macau
china	3	china
china	3	north korea
china	3	wuhan
china	3	KL
china	3	valentin
china	3	india
china	3	mrs teo
china	3	singh
china	3	the workers' parti
china	3	WP
china	3	indian
china	3	american
china	3	new zealand
china	3	philippin
china	3	mynmar
china	3	china yuan
china	3	malaysian
china	3	shenzhen
china	3	hadapi
china	3	corona
china	3	tentara tuhan
china	3	covid-19
china	3	barbarian
china	3	US
china	3	Xi
china	3	who
china	3	taiwan
china	3	south korea
china	3	msm
china	3	harri
china	3	megan
china	3	taiwanes
china	3	ica
china	3	the russian f
china	3	pr holder
china	3	singapore citizen
china	3	outbreak
china	3	wuhan virus!
china	3	japan
china	3	nea
china	3	free
china	3	govt
china	3	hubei province singapor
china	3	korea
china	3	itali
china	3	cni
china	3	toilet
china	3	hong kong
china	3	indonesia & malaysia
china	3	manufacture paper products for export
china	3	seelah
china	3	america
china	3	leader
china	3	hdb
china	3	india bangla
china	3	asian
china	3	this wuhan viru
china	3	usa
china	3	fchina usa
china	3	ccp
china	3	xjp
china	3	issu
china	3	muslim
china	3	yuan xiao
china	3	the world health organ
china	3	middle kingdom
china	3	screen
mee goreng	3	kim seng east school
mee goreng	3	malay
mee goreng	3	mee goreng
kim seng east school	3	malay
malay	3	tamil
macau	3	north korea
macau	3	wuhan
north korea	3	wuhan
wuhan	3	SG
wuhan	3	corona
wuhan	3	sara
wuhan	3	’s
wuhan	3	wuhan
wuhan	3	lee kudo
wuhan	3	lee
wuhan	3	lee hl
wuhan	3	teck ghe
wuhan	3	wear
wuhan	3	singaporeansmad
wuhan	3	youtub
wuhan	3	hubei
wuhan	3	nato
wuhan	3	novel coronaviru
wuhan	3	non
wuhan	3	coronaviru
wuhan	3	2nd
wuhan	3	indonesia
wuhan	3	cni
wuhan	3	viru
wuhan	3	china mainland
propos	3	RC
RC	3	hdb
RC	3	singpost
RC	3	saf
singapirean	3	josephin
church author	3	church
church	3	author
mahathir	3	pkr
mahathir	3	mahathir
mahathir	3	lim
mahathir	3	bbpm
mahathir	3	bersatu
mahathir	3	anwar
mahathir	3	umno pa
mahathir	3	keadilan
mahathir	3	toadi
mahathir	3	the party would
mahathir	3	se-malaysia
mahathir	3	umno
mahathir	3	PM
mahathir	3	mahathir & anwar
pkr	3	lim
pkr	3	anwar
pkr	3	dap
KL	3	KL
pm lee	3	ccp
pm lee	3	coronaviru
pm lee	3	SG
pm lee	3	michael lim ua
pm lee	3	people's action parti
pm lee	3	we are total def
pm lee	3	Tx
pm lee	3	trimaksih
pm lee	3	indonesia
ccp	3	taiwan & hk
ccp	3	youtub
ccp	3	ccp
ccp	3	hubei
ccp	3	this wuhan viru
ccp	3	usa
ccp	3	fchina usa
ccp	3	japan
ccp	3	xjp
s$778	3	parliament
anwar	3	bersatu
anwar	3	PH
anwar	3	anwar
anwar	3	umno pa
anwar	3	keadilan
anwar	3	corona
anwar	3	fox
anwar	3	umno
anwar	3	PM
anwar	3	azmin
anwar	3	ptata man
anwar	3	mahathir & anwar
anwar	3	malaysian
anwar	3	mahadhir
anwar	3	cabinet
anwar	3	anwar mahathir
kayaknya	3	melayu
kayaknya	3	seperti
kayaknya	3	indonesia
kayaknya	3	brunei darussalam
melayu	3	seperti
melayu	3	indonesia
melayu	3	brunei darussalam
melayu	3	menteri
melayu	3	tabik
melayu	3	singapura
melayu	3	apresiasi pak lhl
melayu	3	tuan pm
melayu	3	elok
melayu	3	jela
melayu	3	encik le
melayu	3	encik lim
melayu	3	uik
melayu	3	melayu la
melayu	3	bahasa
melayu	3	pH
melayu	3	yang
melayu	3	melayu
seperti	3	indonesia
seperti	3	brunei darussalam
indonesia	3	brunei darussalam
indonesia	3	indonesia
indonesia	3	mona
indonesia	3	seandainya
indonesia	3	tuhan amen
indonesia	3	#
indonesia	3	nasehat
indonesia	3	trimaksih
ict	3	ict
ict	3	Cb
ict	3	mrt
georg	3	temasek hold
hurry kiasu hurri	3	lol
lol	3	zhang zhiyi
lol	3	victim
teruja	3	pm singapura
pm singapura	3	bahasa
pm singapura	3	singapura
pm singapura	3	pemikiran
ffp	3	ffp
ffp	3	abu dhabi
ffp	3	chelsea
ffp	3	blackburn le
ffp	3	madrid
ffp	3	abu dhabi’
abu dhabi	3	chelsea
abu dhabi	3	blackburn le
abu dhabi	3	madrid
abu dhabi	3	abu dhabi’
chelsea	3	blackburn le
chelsea	3	madrid
chelsea	3	abu dhabi’
blackburn le	3	madrid
blackburn le	3	abu dhabi’
madrid	3	abu dhabi’
india	3	mrs teo
india	3	singh
india	3	the workers' parti
india	3	indian
india	3	american
india	3	new zealand
india	3	philippin
india	3	mynmar
india	3	china yuan
india	3	lee
india	3	coz
mrs teo	3	singh
mrs teo	3	the workers' parti
singh	3	the workers' parti
pck	3	moe
st & chines	3	china &
st & chines	3	sg leeder
china &	3	sg leeder
fox	3	umno
fox	3	fox
bersatu	3	toadi
bersatu	3	the party would
bersatu	3	se-malaysia
bersatu	3	umno
bersatu	3	anwar mahathir
bersatu	3	bersatu
menteri	3	tabik
menteri	3	singapura
tabik	3	singapura
singapura	3	lee hsien loong
singapura	3	bahasa
singapura	3	asean
singapura	3	sebagai
singapura	3	menteri le
singapura	3	beliau
singapura	3	pemikiran
SG	3	s h n
SG	3	mrt
SG	3	SG
SG	3	eg.air
SG	3	ica
SG	3	WP
SG	3	ensur
SG	3	taiwan
SG	3	changi airport
carousel	3	govt
govt	3	govt
coronaviru	3	DR
coronaviru	3	LI
coronaviru	3	novel coronaviru
coronaviru	3	non
coronaviru	3	japan
public safeti	3	public properti
public safeti	3	changi
public properti	3	changi
tan seng giaw	3	wee kah
tan seng giaw	3	tan seng giaw
tan seng giaw	3	jawi
wee kah	3	jawi
jawi	3	tengok
jawi	3	dap
jawi	3	kalau
jawi	3	nep
covid-19	3	japan
covid-19	3	refer
covid-19	3	who
covid-19	3	korea
covid-19	3	k-pop
up power &	3	kick him out n retirement him
corona	3	sara
corona	3	corona
corona	3	hadapi
corona	3	tentara tuhan
corona	3	cara
corona	3	aduk
corona	3	american
WP	3	psp
WP	3	ica
lee	3	ncov
lee	3	select food management group
lee	3	changi airport terminal 1 orchis food court
lee	3	sgd 200
lee	3	mr lee
lee	3	terima
lee	3	yang mulia
lee	3	jakarta
lee	3	coz
lee	3	ntuc sheng
ncov	3	ncov
japan	3	japan
japan	3	refer
japan	3	who
japan	3	cruise ship
japan	3	hubei province singapor
japan	3	korea
japan	3	itali
japan	3	this wuhan viru
japan	3	usa
japan	3	fchina usa
japan	3	xjp
japan	3	revok
japan	3	loa
’s	3	shn
bahasa	3	en le
bahasa	3	mana2
bahasa	3	bahasa
bahasa	3	lee hsien loong
bahasa	3	asean
bahasa	3	hebat
bahasa	3	pH
bahasa	3	seriously aku
en le	3	mana2
dap	3	tengok
dap	3	kalau
dap	3	nep
dap	3	pertuturan
dap	3	menteri n
indian	3	american
indian	3	new zealand
indian	3	philippin
indian	3	mynmar
indian	3	china yuan
tengok	3	kalau
tengok	3	nep
kalau	3	nep
american	3	new zealand
american	3	philippin
american	3	mynmar
american	3	china yuan
american	3	america
new zealand	3	philippin
new zealand	3	mynmar
new zealand	3	china yuan
philippin	3	mynmar
philippin	3	china yuan
philippin	3	philippin
philippin	3	landmark
mynmar	3	china yuan
scoot’	3	solari
solari	3	T2
malaysian	3	shenzhen
malaysian	3	mahadhir
malaysian	3	lki
hadapi	3	tentara tuhan
select food management group	3	changi airport terminal 1 orchis food court
select food management group	3	sgd 200
select food management group	3	mr lee
changi airport terminal 1 orchis food court	3	sgd 200
changi airport terminal 1 orchis food court	3	mr lee
sgd 200	3	mr lee
saw	3	crack with azmin & how old
saw	3	man using azmin a
crack with azmin & how old	3	man using azmin a
lee hsien loong	3	selamat hari valentin
lee hsien loong	3	asean
lee hsien loong	3	gue
lee hsien loong	3	allahswt aamiin 3x
lee hsien loong	3	pesan
lee hsien loong	3	the polyclinic ministry of health singapor
lee hsien loong	3	terimakasih
watson’	3	ntuc
watson’	3	musta
ntuc	3	musta
ntuc	3	ntuc
PM	3	island wid
PM	3	all public transport point
PM	3	advise building manag
PM	3	replenish
PM	3	all elderly n children
PM	3	hdb area
PM	3	pl
island wid	3	all public transport point
island wid	3	advise building manag
island wid	3	replenish
island wid	3	all elderly n children
island wid	3	hdb area
island wid	3	pl
all public transport point	3	advise building manag
all public transport point	3	replenish
all public transport point	3	all elderly n children
all public transport point	3	hdb area
all public transport point	3	pl
advise building manag	3	replenish
advise building manag	3	all elderly n children
advise building manag	3	hdb area
advise building manag	3	pl
replenish	3	all elderly n children
replenish	3	hdb area
replenish	3	pl
all elderly n children	3	hdb area
all elderly n children	3	pl
hdb area	3	pl
taiwan	3	MM
taiwan	3	employ
taiwan	3	hired foreign
taiwan	3	wp & li
taiwan & hk	3	youtub
youtub	3	hubei
the china chinese fight	3	snatch
US	3	Xi
US	3	msm
US	3	harri
US	3	megan
US	3	singapore p. m
US	3	vietnam lead
US	3	vietnames
mrt	3	mrt
mrt	3	Cb
mrt	3	yunni nai
who	3	refer
who	3	the world health organ
cara	3	aduk
ntuc fair pric	3	sheng siong
umno pa	3	keadilan
ndp	3	padang
health	3	covd-19
hahaha	3	road(fernvale)co
alan lai chong meng	3	spectrum marine resourc
alan lai chong meng	3	the school of d
alan lai chong meng	3	alan lai chong meng
alan lai chong meng	3	ac
alan lai chong meng	3	appl
spectrum marine resourc	3	the school of d
spectrum marine resourc	3	ac
the school of d	3	ac
the school of d	3	appl
italian	3	iran
bagusnya	3	bersemangat
bagusnya	3	tahun melawat
bersemangat	3	tahun melawat
gov	3	hawker cent
gov	3	credit
lee hl	3	teck ghe
f&b	3	hawker
f&b	3	national library board
f&b	3	nlb
hawker	3	nea
transmitter(carri	3	dun
quarantin facil	3	extra precaut
shengsiong	3	giant
south korea	3	america
muslim	3	muslim
muslim	3	the management of the old
muslim	3	issu
halal	3	halal
tiao	3	tiao
national library board	3	nlb
sdp	3	msm
msm	3	harri
msm	3	megan
ini	3	terbaaaekkk
sia	3	betul
toadi	3	the party would
toadi	3	se-malaysia
toadi	3	umno
the party would	3	se-malaysia
the party would	3	umno
se-malaysia	3	umno
walao	3	zoombi
cambodia	3	cambodia
levi	3	levi
DR	3	LI
harri	3	megan
brendan flanagan	3	britain
brendan flanagan	3	cvd
britain	3	cvd
seng kee black chicken	3	bedok north
uncle georg	3	yio chu kang
cna	3	knn
spray	3	kena
wrong titl	3	humid
greenwood	3	rashford
greenwood	3	epl
greenwood	3	la liga serie a
greenwood	3	j-leagu
rashford	3	epl
rashford	3	la liga serie a
rashford	3	j-leagu
epl	3	la liga serie a
epl	3	j-leagu
la liga serie a	3	j-leagu
happy valentine'	3	lion citi
happy valentine'	3	mask
happy valentine'	3	grace assembl
lion citi	3	lion citi
lion citi	3	mask
lion citi	3	grace assembl
mask	3	grace assembl
mask	3	moh
mask	3	the ministry of health
aaron peh	3	brandon
aaron peh	3	colin peh
brandon	3	colin peh
appl	3	appl
ica	3	ica
ica	3	screw
ica	3	changi airport
moh	3	moh
moh	3	the ministry of health
terima	3	yang mulia
terima	3	jakarta
yang mulia	3	jakarta
Sg	3	Sg
Sg	3	sg gov
Sg	3	sch
duke-nus med	3	the grace assembl
pr holder	3	singapore citizen
walo	3	their leave of abs
korea	3	k-pop
korea	3	korea
korea	3	hubei province singapor
korea	3	itali
elok	3	jela
christian	3	buddhist
alcohol hydrogen peroxid	3	glycerin
can author	3	hsa
can author	3	draconian
hsa	3	draconian
glad	3	zika
yunnan provinc	3	guangxi
yunnan provinc	3	empress dowag
guangxi	3	empress dowag
encik le	3	encik lim
sudah	3	ra
sudah	3	umat
sudah	3	tuhan
ra	3	umat
ra	3	tuhan
umat	3	tuhan
devil curri	3	devil curri
devil curri	3	correctli
ntuc fairpric	3	tierney chicken
ntuc fairpric	3	campbel
ntuc fairpric	3	fairpric
tierney chicken	3	campbel
tierney chicken	3	fairpric
campbel	3	fairpric
kami	3	"ini""""siapa sebarkan berita pas"
kami	3	kepenikan akan dikenakan
kami	3	tak
"ini""""siapa sebarkan berita pas"	3	kepenikan akan dikenakan
"ini""""siapa sebarkan berita pas"	3	tak
kepenikan akan dikenakan	3	tak
people's action parti	3	we are total def
jerry poh qinglejordan neo	3	james leong
german	3	bill gat
amanda jillian	3	lee h l
uik	3	melayu la
singapore p. m	3	vietnam lead
singapore p. m	3	vietnames
vietnam lead	3	vietnames
from taking public transportation for lif	3	lta
lta	3	pmd
lta	3	lta
whatsapp	3	david 81995869
whatsapp	3	yati
clarke quay	3	huzaifah
clarke quay	3	sharuddin
huzaifah	3	sharuddin
hong kong	3	toilet
hong kong	3	indonesia & malaysia
hong kong	3	manufacture paper products for export
hong kong	3	seelah
punish	3	a big hol
hubei province singapor	3	itali
tuan perdana	3	menteri singapura
leong	3	phv
kelly marie ang-chua	3	IG
cid	3	lazada
cid	3	unauthoris
lazada	3	unauthoris
lazada	3	lazada
singaporean’	3	icu
hebat	3	sebab
bruno	3	whc
whc	3	whc
grace assembly of god church	3	tanglin road
cca	3	performing art
cca	3	cca
allahswt aamiin 3x	3	pesan
novel coronaviru	3	non
asian	3	+ egyptian
aretha chai kelvin stephen keh	3	chee yong
SP	3	brazil
toilet	3	indonesia & malaysia
toilet	3	manufacture paper products for export
toilet	3	seelah
indonesia & malaysia	3	manufacture paper products for export
indonesia & malaysia	3	seelah
manufacture paper products for export	3	seelah
lama tak nampak	3	lama tak
leader	3	hdb
leader	3	india bangla
hdb	3	india bangla
hdb	3	singpost
hdb	3	saf
perdana	3	kelongkang
seandainya	3	tuhan amen
seandainya	3	#
tuhan amen	3	#
sebagai	3	menteri le
sebagai	3	beliau
menteri le	3	beliau
harap pm kita	3	jgn
harap pm kita	3	kuasa
harap pm kita	3	masih
jgn	3	kuasa
jgn	3	masih
kuasa	3	masih
pertuturan	3	menteri n
lebih	3	singapura terima
this wuhan viru	3	usa
this wuhan viru	3	fchina usa
this wuhan viru	3	xjp
usa	3	fchina usa
usa	3	xjp
fchina usa	3	xjp
MM	3	employ
MM	3	hired foreign
MM	3	wp & li
employ	3	hired foreign
employ	3	wp & li
hired foreign	3	wp & li
husayn	3	izzwan azahari
cantones	3	hous
cantones	3	qui
cantones	3	curri
hous	3	qui
hous	3	curri
qui	3	curri
cctv	3	cctv
tolong	3	thoma
tolong	3	tom
thoma	3	tom
chinaman	3	ccp china coronavrius plagu
singpost	3	saf
search	3	new england journ
kumar	3	sabyasachi da
kumar	3	aditya v hari
kumar	3	divyang mistri
kumar	3	ravi rana
kumar	3	ravi shankar
kumar	3	abhishek nigam
sabyasachi da	3	aditya v hari
sabyasachi da	3	divyang mistri
sabyasachi da	3	ravi rana
sabyasachi da	3	ravi shankar
sabyasachi da	3	abhishek nigam
aditya v hari	3	divyang mistri
aditya v hari	3	ravi rana
aditya v hari	3	ravi shankar
aditya v hari	3	abhishek nigam
divyang mistri	3	ravi rana
divyang mistri	3	ravi shankar
divyang mistri	3	abhishek nigam
ravi rana	3	ravi shankar
ravi rana	3	abhishek nigam
ravi shankar	3	abhishek nigam
ada	3	lge
dito	3	doh
dito	3	kina ronn
doh	3	kina ronn
orang	3	hihihi
vincenzo luciano	3	vincenzo
indonesian	3	spanish telenovela
indonesian	3	trump
spanish telenovela	3	trump
junction 8	3	J8
unhygien	3	rag.clear
revok	3	loa
semoga kerajaan	3	ikhla
hang cold	3	australian
china	4	wuhan
china	4	japan
china	4	the bayi aerobatic team
china	4	singapor
china	4	salut
china	4	amrn
china	4	lee
china	4	china
china	4	korea
china	4	taiwan
china	4	lesson
china	4	the chin gay
china	4	loa
china	4	hua chuni
china	4	cna
china	4	cna online new
china	4	bird flu
china	4	countri
china	4	fluenza
china	4	the phone industri
china	4	cna new
china	4	moe
china	4	coronaviru
china	4	rip
china	4	ica
china	4	trade&trad
china	4	cni
china	4	SF
china	4	malaysia
china	4	chines
china	4	pulau tekong
china	4	SG
china	4	& sg
china	4	ironi
china	4	US
china	4	south korea
china	4	jika pemerintah
china	4	suggest declar
china	4	dec
china	4	korean
china	4	prc
china	4	singapore govt
china	4	pm lee
china	4	singaporean
china	4	reserv
china	4	gov
china	4	who
china	4	mrt
china	4	sgti
china	4	american
china	4	malaysian
china	4	takayama
wuhan	4	singapor
wuhan	4	malaysia
wuhan	4	singapura
wuhan	4	cherish
wuhan	4	philippin
wuhan	4	nurs
wuhan	4	american
wuhan	4	lee
wuhan	4	clock
wuhan	4	singaporean
wuhan	4	wuhan
wuhan	4	korea
wuhan	4	dec
wuhan	4	korean
wuhan	4	pm lee
wuhan	4	SG
wuhan	4	gov
wuhan	4	the doctors nurs
wuhan	4	dorson r
wuhan	4	stress
wuhan	4	me.such
singapor	4	malaysia
singapor	4	philippin
singapor	4	singaporean
singapor	4	chines
singapor	4	the bayi aerobatic team
singapor	4	singapor
singapor	4	budget
singapor	4	lki
singapor	4	singapura
singapor	4	singape ministry of health
singapor	4	sangat
singapor	4	bkk
singapor	4	foodcourt
singapor	4	co-vid19
singapor	4	coronaviru
singapor	4	lee
singapor	4	korea
singapor	4	taiwan
singapor	4	bagaimana
singapor	4	melayu
singapor	4	malaysian
singapor	4	zero
singapor	4	edmund yew
singapor	4	loa
singapor	4	beij
singapor	4	pm lee
singapor	4	jiayou singapura
singapor	4	covid-19
singapor	4	US
singapor	4	khrisna lanuzo lucila
singapor	4	ingat
singapor	4	bahasa
singapor	4	xenophobia china
singapor	4	kiaflu
singapor	4	msia
singapor	4	mask
singapor	4	bangladesh
singapor	4	prc
singapor	4	indian
singapor	4	singapore govt
singapor	4	alan lai
singapor	4	chong meng
singapor	4	the school of d
singapor	4	alan lai chong meng
singapor	4	batam
singapor	4	karimun
singapor	4	terima kasih
singapor	4	hawaii
singapor	4	ncov
singapor	4	qatar
singapor	4	home team
singapor	4	gov
singapor	4	who
singapor	4	seoul
singapor	4	dorson r
singapor	4	lol
singapor	4	wu han hubei
singapor	4	wu han
singapor	4	jia
singapor	4	indonesia
singapor	4	kick
malaysia	4	singapura
malaysia	4	malaysia
malaysia	4	bahasa
malaysia	4	steady la singapura
malaysia	4	kera
malaysia	4	canada
malaysia	4	australia
malaysia	4	thailand
malaysia	4	philippin
malaysia	4	tanah melayu
malaysia	4	pm lee
malaysia	4	lee kuan yew
malaysia	4	lee hsien loong
malaysia	4	jawi
malaysia	4	melayu
anwar	4	doubt
anwar	4	mahathir
philippin	4	singaporean
philippin	4	cherish
philippin	4	philippin
philippin	4	canada
philippin	4	australia
philippin	4	thailand
singaporean	4	budget
singaporean	4	rubbish
singaporean	4	the singapore red cross
singaporean	4	fairpric
singaporean	4	singaporean
singaporean	4	bahasa
singaporean	4	pm lee
singaporean	4	SG
singaporean	4	seoul
singaporean	4	japanes
singaporean	4	murugan
singaporean	4	serious
sana	4	hayss
chines	4	isezaki
chines	4	soranews24
chines	4	chines
chines	4	japanes
chines	4	malaysian
chines	4	indian
chines	4	loa
chines	4	xenophobia china
chines	4	kiaflu
chines	4	msia
chines	4	mask
chines	4	venic
chines	4	barcelona
chines	4	seoul
chines	4	takayama
thaipusam	4	mrt
thaipusam	4	sporean
mrt	4	sporean
mrt	4	mrt
sporean	4	ntuc
security bond	4	ica
ica	4	SG
isezaki	4	soranews24
isezaki	4	japanes
soranews24	4	japanes
lee hsien loong	4	i.e
lee hsien loong	4	pm lee
lee hsien loong	4	lee kuan yew
lee hsien loong	4	jawi
lee hsien loong	4	melayu
salut	4	amrn
budget	4	lki
budget	4	covid-19
budget	4	the 2020 budget
budget	4	dpm heng
budget	4	han
telok blangah	4	the west of singapor
singapura	4	majula singapura
singapura	4	mr lee
singapura	4	menteri
singapura	4	corona
icu	4	buddha
hospit	4	govt poly clin
pm lee	4	the wuhan virus
pm lee	4	doctor
pm lee	4	jiayou singapura
pm lee	4	pm lee
pm lee	4	SG
pm lee	4	asean
pm lee	4	lee kuan yew
pm lee	4	jawi
pm lee	4	melayu
pm lee	4	wu han hubei
pm lee	4	ncov
pm lee	4	wu han
the wuhan virus	4	doctor
bkk	4	foodcourt
bkk	4	co-vid19
foodcourt	4	co-vid19
malaysian	4	indian
malaysian	4	zero
malaysian	4	malaysian
mei hwan dr	4	god of assembly church
mei hwan dr	4	grace aog church
mei hwan dr	4	mei hwan dr
coronaviru	4	sheraton hotel
korea	4	taiwan
korea	4	dec
korea	4	korean
korea	4	korea
korea	4	vietnam
korea	4	sudden
korea	4	covid19
filipino	4	filipino
filipino	4	the ministry of health
de nice christian estrosi	4	chu de la vil
de nice christian estrosi	4	de milan
chu de la vil	4	de milan
coz	4	imh
sheng shiong	4	ntuc
ntuc	4	changi hospit
ntuc	4	hokkien
ntuc	4	gov
mahathir	4	najih
mahathir	4	zahid hamidi
mahathir	4	mahathir
loa	4	cane
loa	4	kiasu
SG	4	& sg
SG	4	SG
SG	4	mask
SG	4	mdm yeo
SG	4	sgti
hua chuni	4	cna
cna online new	4	bird flu
cna online new	4	countri
bird flu	4	countri
bagaimana	4	melayu
melayu	4	pm singapor
melayu	4	msia
melayu	4	lee kuan yew
melayu	4	jawi
jakarta	4	saya sangat
jakarta	4	pak lee hsin
jakarta	4	anda mudah2an kita
jakarta	4	virus yang sangat
jakarta	4	salam
saya sangat	4	pak lee hsin
saya sangat	4	anda mudah2an kita
saya sangat	4	virus yang sangat
saya sangat	4	salam
pak lee hsin	4	anda mudah2an kita
pak lee hsin	4	virus yang sangat
pak lee hsin	4	salam
anda mudah2an kita	4	virus yang sangat
anda mudah2an kita	4	salam
virus yang sangat	4	salam
saudi	4	turkey
the phone industri	4	cna new
ntuc un	4	thermomet
beij	4	beij
nsf	4	nsf
changi city point	4	fairpric
covid-19	4	the 2020 budget
tough	4	info
indonesia	4	bali
indonesia	4	thailand
indonesia	4	phuket
indonesia	4	bangkok
indonesia	4	ameen
bali	4	thailand
bali	4	phuket
bali	4	bangkok
thailand	4	phuket
thailand	4	bangkok
thailand	4	canada
thailand	4	australia
phuket	4	bangkok
politician	4	politician
UK	4	gisli jenkin
UK	4	nottingham univers
UK	4	prof jenkin
gisli jenkin	4	nottingham univers
gisli jenkin	4	prof jenkin
nottingham univers	4	prof jenkin
san francisco	4	ibm
san francisco	4	rsa
san francisco	4	san francisco
ibm	4	rsa
ibm	4	ibm
rubbish	4	the singapore red cross
mask	4	vitamin c
mask	4	citizen
mask	4	flew
mask	4	xenophobia china
mask	4	kiaflu
mask	4	msia
mask	4	mdm yeo
bt batok	4	cni
bt batok	4	dorscon orang
cni	4	dorscon orang
cni	4	SF
ask	4	author
ask	4	the authority of their no passport
author	4	the authority of their no passport
citizen	4	flew
steady la singapura	4	kera
pm lee hsien loong	4	guardian
pm lee hsien loong	4	watson
pm lee hsien loong	4	US
guardian	4	watson
guardian	4	US
watson	4	US
watson	4	watson
US	4	usa
US	4	who
KS	4	ntuc fairpric
lebih	4	kat kabinet
canada	4	australia
pm singapor	4	msia
msia	4	xenophobia china
msia	4	kiaflu
hong kong l	4	hong kong
hdb	4	dragon
hdb	4	toa payoh
hdb	4	hdb
hdb	4	rivervale plaza
hdb	4	kopitiam
dragon	4	toa payoh
zhang changwei	4	westin
ntuc xtra	4	jurong point
ntuc xtra	4	queue
jurong point	4	queue
yuhua hong	4	bukit
yuhua hong	4	keat hong
bukit	4	keat hong
khrisna lanuzo lucila	4	ingat
retail	4	f&b
retail	4	gov
retail	4	levi
f&b	4	gov
f&b	4	levi
f&b	4	f&b
gov	4	levi
gov	4	hokkien
xenophobia china	4	kiaflu
govt	4	friend
najih	4	zahid hamidi
dec	4	korean
sri lanka	4	NZ
languag	4	little india geylang chinatown
prc	4	singapore govt
prc	4	prc
alan lai	4	chong meng
alan lai	4	the school of d
alan lai	4	alan lai chong meng
chong meng	4	the school of d
chong meng	4	alan lai chong meng
the school of d	4	alan lai chong meng
mr lee	4	menteri
mr lee	4	corona
menteri	4	corona
corona	4	mong singapor
japon l	4	d'hokkaido
ncov	4	dorscon r
ncov	4	wu han hubei
ncov	4	wu han
ncov	4	nu
ncov	4	swine flu
ncov	4	h1n1
batam	4	karimun
batam	4	terima kasih
karimun	4	terima kasih
hubei provinc	4	I.
the red cross	4	fema
qatar	4	qatar
nation	4	the govt/author
venic	4	barcelona
venic	4	seoul
barcelona	4	seoul
cdc	4	ppl
afraid	4	eatchines
afraid	4	chinaand
eatchines	4	chinaand
time	4	selera rasa nasi lemak
who	4	Sg
fajri c nisya claudia miranda	4	lol
hawker	4	national environment ag
hawker	4	nea
national environment ag	4	nea
iam arthur nyasulu	4	malawi
lee kuan yew	4	jawi
terima	4	tuan pm kami
rivervale plaza	4	kopitiam
the singapore police forc	4	lim
sudden	4	covid19
susah	4	wabak
susah	4	yang
wabak	4	yang
wu han hubei	4	wu han
scda design	4	cham brothers engin
B+	4	red cross
dpm heng	4	han
world health organis	4	rna
h1n1	4	h1n1
Un	4	lituani
Un	4	de véron
lituani	4	de véron
amk	4	mei hwan
amk	4	ministry of health singapor
amk	4	paya lebar methodist church
amk	4	paya lebar
amk	4	amk
mei hwan	4	ministry of health singapor
mei hwan	4	paya lebar methodist church
mei hwan	4	paya lebar
ministry of health singapor	4	paya lebar methodist church
ministry of health singapor	4	paya lebar
paya lebar methodist church	4	paya lebar
grandma	4	grandpa
us australia	4	god
le	4	arabes uni
le	4	chris froom
arabes uni	4	chris froom
china	5	japan
china	5	china
china	5	singapor
singapor	5	kiasu
singapor	5	india
singapor	5	singapor
singapor	5	pm lee
pm lee	5	singaporean
singtel and capit	5	sia
singaporean &	5	monkey
monkey	5	monkey
hahaha	5	mahathir
mahathir	5	malaysia
taiwan	5	south korea
lee n	5	parliament
lee n	5	there.i
parliament	5	there.i
maid	5	IO
maid	5	hahahaha
IO	5	hahahaha
