china	0	singapor
china	0	china
china	0	wuhan
china	0	hubei
china	0	shenzhen
china	0	chines
china	0	ica
china	0	hong kong
china	0	prc
china	0	singaporean
china	0	reason
singapor	0	cj of singapor
singapor	0	yong
singapor	0	mr lee
singapor	0	singaporean
singapor	0	chines
singapor	0	ica
singapor	0	mrs lee
singapor	0	rip
singapor	0	singapor
singapor	0	prc
singapor	0	pm lee
singapor	0	switzerland
singapor	0	pm lee wish
cj of singapor	0	yong
mr lee	0	singaporean
mr lee	0	titan
prime	0	nhc
prime	0	sgh
prime	0	cni
nhc	0	sgh
nhc	0	cni
sgh	0	cni
cni	0	pm lee sir
singaporean	0	malaysian
singaporean	0	hardest way and pain
toto	0	RC
wuhan	0	wuhan
wuhan	0	SG
lee	0	whatapp
ban smok	0	sympathi
ban smok	0	suffer
ban smok	0	lung failure/
ban smok	0	time
ban smok	0	appreciated m
sympathi	0	suffer
sympathi	0	lung failure/
sympathi	0	time
sympathi	0	appreciated m
suffer	0	lung failure/
suffer	0	time
suffer	0	appreciated m
lung failure/	0	time
lung failure/	0	appreciated m
time	0	appreciated m
hubei	0	shenzhen
hubei	0	hubei
hubei	0	reason
shenzhen	0	shenzhen
sadden	0	kumar
chines	0	ica
lee hl	0	CJ
lee hl	0	cj yong'
lee hl	0	istana
CJ	0	cj yong'
malaysian	0	hardest way and pain
deepli	0	jui p
mrs lee	0	funan sg
mrs lee	0	yeah funan
ben beth	0	uncle hoon'
SG	0	SG
IO	0	cctv
uncle hoon	0	god
cai	0	pm lee & family & singapor
problem	0	muslim
pm lee	0	switzerland
hdb	0	build
taxi	0	mrt
hs lee	0	blessed lunar
funan sg	0	yeah funan
lee hl	1	pcf
lee hl	1	ren ci
lee hl	1	amk
lee hl	1	sengkang smc
lee hl	1	gong xi fah chai
lee hl	1	wuhan
lee hl	1	leader
lee hl	1	the singapore chinese orchestra’
lee hl	1	cni
lee hl	1	gong xi gong xi
lee hl	1	mrs lee-ho ching good health and happi
lee hl	1	tampines cpf
lee hl	1	thomson yec
lee hl	1	derek wong www.linkedin.com/in/derek6196
lee hl	1	the singapore international commercial court
lee hl	1	singapor
pcf	1	ren ci
pcf	1	amk
pcf	1	sengkang smc
pcf	1	gong xi fah chai
ren ci	1	amk
ren ci	1	sengkang smc
ren ci	1	gong xi fah chai
amk	1	sengkang smc
amk	1	gong xi fah chai
amk	1	pm lee
amk	1	amk
sengkang smc	1	gong xi fah chai
pm lee	1	mrs lee
pm lee	1	singapor
pm lee	1	cai
pm lee	1	SG
pm lee	1	yong pung how'
pm lee	1	lee kuan yew
pm lee	1	s'porean
pm lee	1	bless
pm lee	1	tel opening ceremony for stage 1
pm lee	1	singaporean
pm lee	1	xi fa cai
pm lee	1	happy healthy prosper
pm lee	1	wef
pm lee	1	switzerland
pm lee	1	magdalene ong
pm lee	1	tanglin mal
pm lee	1	mrs lee-ho ch
pm lee	1	switzeland
pm lee	1	blessed lunar
pm lee	1	sia
pm lee	1	dpm heng
pm lee	1	best
pm lee	1	chinese new year2020
pm lee	1	saf
pm lee	1	mrs lee gong xi
pm lee	1	pm lee
pm lee	1	motherland singapor
pm lee	1	herebi
pm lee	1	pm lee & al
pm lee	1	chines
pm lee	1	premiership
pm lee	1	pap govern
pm lee	1	lee
pm lee	1	sengkang
pm lee	1	wuhan
pm lee	1	china
pm lee	1	sgx
pm lee	1	lee happy thai pong
pm lee	1	Sg
pm lee	1	govt
pm lee	1	istana chef'
pm lee	1	wong work
pm lee	1	istana
pm lee	1	joke pm le
pm lee	1	long service chef'
pm lee	1	jeffrey ng
pm lee	1	gong xi fa
pm lee	1	joy n good
pm lee	1	truli
pm lee	1	jalan jalan
pm lee	1	god
pm lee	1	best wish
mrs lee	1	gong xi fa cai
mrs lee	1	shermay
mrs lee	1	osaka
mrs lee	1	jalan jalan
smart	1	glad
glad	1	singapor
glad	1	chines
glad	1	SG
glad	1	singaporean
glad	1	kia
lee	1	singapor
lee	1	tis funan centr
lee	1	good health happiness luck
lee	1	success
lee	1	singaporean
lee	1	jeffrey ng profile pictur
lee	1	kim chong ng
lee	1	parliament
lee	1	friends @
lee	1	lee hsien loong
lee	1	lee pl
lee	1	china
lee	1	lee
lee	1	pm lee'
lee	1	buddha
lee	1	amituofo
lee	1	the sia aeroplan
lee	1	jeffrey ng
lee	1	new zealand
lee	1	hong kong
lee	1	prime
lee	1	god
lee	1	MR
lee	1	&
lee	1	RC
lee	1	official trip
lee	1	wuhan
lee	1	singapore cabinet
lee	1	singapore ruling parti
singapor	1	lee look
singapor	1	china
singapor	1	ntuc
singapor	1	lee wish
singapor	1	lee hsien loong
singapor	1	rat
singapor	1	wuhan
singapor	1	pm lee hsien loong
singapor	1	yong pung how'
singapor	1	lee kuan yew
singapor	1	coronaviru
singapor	1	iran
singapor	1	singapor
singapor	1	pathlght school
singapor	1	singaporean
singapor	1	mro
singapor	1	franc
singapor	1	best quality servic
singapor	1	cpf
singapor	1	magdalene ong
singapor	1	asean
singapor	1	cai
singapor	1	majesty le
singapor	1	bukit panjang
singapor	1	zhenghua
singapor	1	GE
singapor	1	lki
singapor	1	bravo congratul
singapor	1	the singapore economic development board
singapor	1	togeth
singapor	1	lee hsien loung
singapor	1	buddha long
singapor	1	wef
singapor	1	mall
singapor	1	america
singapor	1	Li
singapor	1	sir
singapor	1	pm mr lee
singapor	1	switzerland
singapor	1	salut
singapor	1	parliament
singapor	1	friends @
singapor	1	lee pl
singapor	1	congratulations happy new
singapor	1	bangladesh
singapor	1	god
singapor	1	gov
singapor	1	always smil
singapor	1	sweet
singapor	1	wishing pm n
singapor	1	lhl
singapor	1	singapore dollar
singapor	1	checkpoint
singapor	1	brother loong
singapor	1	SG
singapor	1	motherland singapor
singapor	1	shanghai
singapor	1	beij
singapor	1	ministry of health singapor
singapor	1	pmo
singapor	1	chaitri
singapor	1	lee hsien loong chinese friend
singapor	1	chaitri hapugal
singapor	1	chines
singapor	1	keep pofma
singapor	1	malaysia’s lawyers for liberti
singapor	1	the singapore government’
singapor	1	malaysian
singapor	1	pap govern
singapor	1	ndp
singapor	1	the painful lesson
singapor	1	outbreak
singapor	1	locked down
singapor	1	cni
singapor	1	Wu
singapor	1	singapore govt
singapor	1	pulua ubin - for
singapor	1	bahren shaari - wikipedia
singapor	1	bahren shaari
singapor	1	bank of singapor
singapor	1	dubai
singapor	1	hong kong
singapor	1	ica
singapor	1	national servic
singapor	1	n.s.
singapor	1	sengkang
singapor	1	mr lee
singapor	1	fnb
singapor	1	mcdonald
singapor	1	rip
singapor	1	fair
singapor	1	malaysia
singapor	1	hakka
singapor	1	pm lhl
singapor	1	AI
singapor	1	ML
singapor	1	world
singapor	1	bmw volvo
singapor	1	merced
singapor	1	lane
singapor	1	sentosa
singapor	1	india
singapor	1	bless
singapor	1	ensur
singapor	1	the singapore international commercial court
singapor	1	yong
singapor	1	PM
singapor	1	pm lee!
singapor	1	gong xi fa cai
singapor	1	the wuhan viru
singapor	1	govt
singapor	1	prc
singapor	1	blessed new year
singapor	1	lee wuhan
singapor	1	pmdvape
singapor	1	my studythanks singapore!
singapor	1	lee kindli
singapor	1	majulah singapura
singapor	1	US
singapor	1	the european union
singapor	1	EU
singapor	1	denmark
singapor	1	XX
singapor	1	CC
singapor	1	kiran sahib
singapor	1	istana
singapor	1	singapore cabinet
singapor	1	singapore ruling parti
singapor	1	defens
lee look	1	china
lee look	1	ntuc
china	1	ntuc
china	1	lee hsien loong
china	1	rat
china	1	wuhan
china	1	SG
china	1	hubei
china	1	sporean
china	1	singaporean
china	1	wrong
china	1	coronavirus &
china	1	US
china	1	china
china	1	lee pl
china	1	tibet
china	1	philippin
china	1	shanghai
china	1	beij
china	1	hk tw
china	1	macau
china	1	malaysia
china	1	hong kong
china	1	the painful lesson
china	1	outbreak
china	1	locked down
china	1	cni
china	1	Wu
china	1	singapore govt
china	1	pulua ubin - for
china	1	corona
china	1	GE
china	1	ica
china	1	chines
china	1	sentosa
china	1	usa
china	1	prc
china	1	shd
china	1	the ministry of health
china	1	the wuhan viru
china	1	govt
china	1	Sg
china	1	salute saf
china	1	wuhan coronaviru
china	1	lion citi
china	1	saf
china	1	mask
china	1	singaporesingaporean
china	1	cna
china	1	singapore children
china	1	develop
china	1	lee wuhan
china	1	pmdvape
china	1	the european union
china	1	EU
china	1	denmark
china	1	tuition cent
china	1	healthcar
china	1	cannib
china	1	changi airport
china	1	indonesia
ntuc	1	guardians watson
ntuc	1	ntuc
ntuc	1	prc
nice	1	singaporean
nice	1	uncle hoon
singaporean	1	singaporean
singaporean	1	countri
singaporean	1	lee hsien loong’
singaporean	1	sylvia lee &
singaporean	1	famili
singaporean	1	pathlght school
singaporean	1	wuhan
singaporean	1	pm lee & famili
singaporean	1	hubei until singapor
singaporean	1	asean
singaporean	1	mrs lee-ho ch
singaporean	1	switzeland
singaporean	1	GE
singaporean	1	lki
singaporean	1	bravo congratul
singaporean	1	the singapore economic development board
singaporean	1	happy healthy prosper
singaporean	1	pm lee + famili
singaporean	1	p.m. lee
singaporean	1	tue
singaporean	1	sg govt
singaporean	1	cai
singaporean	1	kuai l
singaporean	1	chines
singaporean	1	SG
singaporean	1	the rat & prosperous singapor
singaporean	1	R.
singaporean	1	corviru
singaporean	1	majulah singapura
singaporean	1	new zealand
singaporean	1	singapore pm
singaporean	1	sengkang
singaporean	1	lee kuan yew
singaporean	1	happy & blessed lunar
singaporean	1	india
singaporean	1	heng
singaporean	1	truli
singaporean	1	gong xi fa cai
singaporean	1	the ministry of health
singaporean	1	philippin
singaporean	1	guo
singaporean	1	feng
singaporean	1	lee hsien loong
singaporean	1	lee wuhan
singaporean	1	pmdvape
singaporean	1	malaysia
singaporean	1	ncid hospit
singaporean	1	govt
singaporean	1	healthcar
singaporean	1	prime
singaporean	1	educ
singaporean	1	PM
lee happi	1	joy
lee happi	1	may good health & happi
joy	1	blessed new year
joy	1	great health peac
lee wish	1	gong xi fa cai
lee wish	1	SG
lee wish	1	a happy & prosperous lunar new year 2020
islam	1	revert
islam	1	islam
lee hsien loong	1	rat
lee hsien loong	1	wuhan
lee hsien loong	1	lee pl
lee hsien loong	1	istana
lee hsien loong	1	mr lee
lee hsien loong	1	US
lee hsien loong	1	the european union
lee hsien loong	1	EU
lee hsien loong	1	denmark
rat	1	wuhan
rat	1	wish
wuhan	1	wuhan
wuhan	1	pathlght school
wuhan	1	hong kong
wuhan	1	sporean.not
wuhan	1	sporean
wuhan	1	hubei
wuhan	1	mask
wuhan	1	the painful lesson
wuhan	1	outbreak
wuhan	1	beij
wuhan	1	locked down
wuhan	1	cni
wuhan	1	Wu
wuhan	1	indonesia
wuhan	1	national infectious disease centr
wuhan	1	japan
wuhan	1	pm lee & mrs le
wuhan	1	gong xi fa cai
wuhan	1	shd
wuhan	1	sengkang
wuhan	1	Sg
wuhan	1	govt
wuhan	1	japanes
wuhan	1	real fiona chen
wuhan	1	malaysia
wuhan	1	philippin
wuhan	1	usa
wuhan	1	chines
wuhan	1	singapore &
wuhan	1	salute saf
wuhan	1	wuhan coronaviru
wuhan	1	lion citi
wuhan	1	saf
wuhan	1	singaporesingaporean
wuhan	1	cna
wuhan	1	wear
wuhan	1	best wish
cai	1	majesty le
cai	1	mrs lee gong xi
cai	1	cni
cai	1	kuai l
cai	1	chines
cai	1	singapore pm
SG	1	SG
SG	1	hubei
SG	1	sporean
SG	1	lisbon
SG	1	sweden
SG	1	US
SG	1	sia
SG	1	majulah singapor
SG	1	chines
SG	1	gov
SG	1	pm lee & al
SG	1	premiership
SG	1	selamat
SG	1	can't
SG	1	bless
SG	1	whatsapp
bukit timah	1	bukit
bukit timah	1	ho swe
bukit	1	ho swe
gong xi fa cai	1	jeffrey ng
gong xi fa cai	1	chines
gong xi fa cai	1	pm lee & mrs le
gong xi fa cai	1	cni
gong xi fa cai	1	xin nian
motherland singapor	1	sg50sg75sg100etc
liao	1	liao
yong pung how'	1	lee kuan yew
lucky plaza	1	filipino
lucky plaza	1	accdlywhil
lucky plaza	1	indonesian
lucky plaza	1	philippine product
filipino	1	accdlywhil
filipino	1	indonesian
accdlywhil	1	indonesian
hubei	1	sporean
hubei	1	sporean.not
hubei	1	hubei
hubei	1	chines
hubei	1	malaysia
hubei	1	philippin
hubei	1	usa
hubei	1	hong kong
hubei	1	helena wong
hubei	1	wear
sporean	1	god
sporean	1	pm lee a
sporean	1	the wuhan viru
sporean	1	msian
sporean	1	sgd
sporean	1	RM
sporean	1	msia
sporean	1	sporean.not
sporean	1	RC
sporean	1	sporean
coronaviru	1	NZ
coronaviru	1	australia
lazada	1	assure brand
god	1	pm lee a
god	1	the wuhan viru
god	1	congratulations happy new
god	1	bangladesh
god	1	delightfulpeaceful &
god	1	bless
pm lee a	1	the wuhan viru
iran	1	sean
lisbon	1	sweden
bless	1	can't
sia	1	kebaya
sia	1	sia
sia	1	mrs lee-ho ch
pm lee singapor	1	people of singapor
good health happiness luck	1	success
award	1	chef
award	1	wong
chef	1	wong
wong	1	congratul
truly hat	1	public holiday
xi fa cai	1	happy healthy prosper
happy healthy prosper	1	pm lee + famili
th	1	US
US	1	fyi hk
US	1	the european union
US	1	EU
US	1	denmark
switzerland	1	pm mr lee
switzerland	1	salut
switzerland	1	winter
switzerland	1	zurich
switzerland	1	huat ah!
switzerland	1	EU
the republic of singapor	1	international judg
best quality servic	1	cpf
smrt	1	tower
long queu	1	a chinese restaurant @
long queu	1	servic
a chinese restaurant @	1	servic
mrs lee-ho ch	1	switzeland
mrs lee-ho ch	1	mrs lee-ho ch
lee sorri	1	NZ
NZ	1	australia
bukit panjang	1	zhenghua
GE	1	lki
GE	1	pm lhl
GE	1	god bless singapor
GE	1	healthcar
lki	1	hakka
lki	1	mr yong
found 2	1	cantones
found 2	1	queenstown
cantones	1	queenstown
bravo congratul	1	the singapore economic development board
jeffrey ng profile pictur	1	kim chong ng
chines	1	kuai l
chines	1	k-pop and j-pop
chines	1	jingl
chines	1	gov
chines	1	pm lee & al
chines	1	premiership
chines	1	scoot
chines	1	zheqiang
chines	1	qingdao
chines	1	malaysia
chines	1	moe
chines	1	gong xi fa
chines	1	hong kong
chines	1	helena wong
chines	1	indian
chines	1	muslim
chines	1	chines
chines	1	cannib
wong shang hoon	1	uncle hoon
wong shang hoon	1	istana
uncle hoon	1	istana
istana	1	istana
istana	1	sg chef
istana	1	super
istana	1	istana chef'
istana	1	wong work
istana	1	joke pm le
istana	1	long service chef'
istana	1	jeffrey ng
istana	1	quek siu rui
istana	1	kiran sahib
wish	1	PM
PM	1	thai
PM	1	thailand
PM	1	pm lee!
youthful pm	1	financ
lee hsien loung	1	buddha long
hong kong	1	bahren shaari - wikipedia
hong kong	1	bahren shaari
hong kong	1	bank of singapor
hong kong	1	dubai
hong kong	1	helena wong
hong kong	1	Li
hong kong	1	kanes lam
rip	1	yong
rip	1	mm lee
yong	1	yong pung
yong	1	ocbc
yong	1	ocbc build
eve i	1	michelle yong
eve i	1	lim vianvian lim
michelle yong	1	lim vianvian lim
blessed new year	1	great health peac
Li	1	kanes lam
pm mr lee	1	salut
parliament	1	friends @
parliament	1	singapore cabinet
parliament	1	singapore ruling parti
saf	1	amituofo
saf	1	salute saf
saf	1	wuhan coronaviru
saf	1	lion citi
saf	1	mask
saf	1	singaporesingaporean
saf	1	cna
msian	1	msian
msian	1	sgd
msian	1	RM
msian	1	msia
sgd	1	RM
sgd	1	msia
RM	1	msia
mrs mildred tan	1	best wish
congratulations happy new	1	bangladesh
always smil	1	sweet
lee ms ho ch	1	family bless
curry deb	1	portugues
curry deb	1	curri
portugues	1	curri
pm lee + famili	1	the rat & prosperous singapor
pm lee + famili	1	R.
p.m. lee	1	tue
walk the talk	1	rakyat
walk the talk	1	majulah singapura
rakyat	1	majulah singapura
jeffrey ng	1	gif sticker com
jeffrey ng	1	the sia aeroplan
jeffrey ng	1	lee without mask
jeffrey ng	1	istana chef'
jeffrey ng	1	wong work
jeffrey ng	1	joke pm le
jeffrey ng	1	long service chef'
leader	1	leader
cni	1	the singapore chinese orchestra’
cni	1	gong xi gong xi
cni	1	mrs lee-ho ching good health and happi
cni	1	the painful lesson
cni	1	outbreak
cni	1	beij
cni	1	locked down
cni	1	Wu
cni	1	pm lee & mrs le
cni	1	mrpm lee
cni	1	teck ghe
amituofo	1	buddha
funan mal	1	funan it mal
hygien	1	mask
mask	1	silver colloid
mask	1	usa
mask	1	salute saf
mask	1	wuhan coronaviru
mask	1	lion citi
mask	1	singaporesingaporean
mask	1	cna
singapore dollar	1	checkpoint
westgat	1	jem
the singapore chinese orchestra’	1	gong xi gong xi
the singapore chinese orchestra’	1	mrs lee-ho ching good health and happi
gong xi gong xi	1	mrs lee-ho ching good health and happi
GD	1	GD
GD	1	huat ah
yvonne tee david ng leung hung wee yen tan kemychee yen	1	tan
the rat & prosperous singapor	1	R.
k-pop and j-pop	1	jingl
ocbc	1	ocbc build
tibet	1	philippin
philippin	1	malaysia
philippin	1	usa
philippin	1	the ministry of health
shanghai	1	beij
beij	1	the painful lesson
beij	1	outbreak
beij	1	locked down
beij	1	Wu
RC	1	post
RC	1	&
sg chef	1	super
singapore police forc	1	the festive season
nippon hom	1	northpoint c
nippon hom	1	yishun
northpoint c	1	yishun
hk tw	1	macau
hk tw	1	malaysia
macau	1	malaysia
malaysia	1	khalid samad
malaysia	1	mcm
malaysia	1	fair
malaysia	1	malaysia
malaysia	1	usa
malaysia	1	ica
malaysia	1	hazmat
malaysia	1	causeway
malaysia	1	tuas checkpoint
malaysia	1	chai
malaysia	1	rumah orang
malaysia	1	kluang
malaysia	1	lee wuhan
malaysia	1	pmdvape
malaysia	1	kemerdekaan oleh
malaysia	1	british
malaysia	1	bukan perjuangan rakyat
malaysia	1	makanya sampai sekarang
malaysia	1	tidak
malaysia	1	nampak
malaysia	1	usahanya
malaysia	1	untuk aman
malaysia	1	damai
chaitri	1	hoon
filipinos indonesian	1	bangladeshi
teacher	1	moe
moe	1	ecda
muslim	1	muslim
muslim	1	tnp
muslim	1	subject
muslim	1	indian
pm lhl	1	pm & mdm ho
pm lee & al	1	premiership
thomson yec	1	derek wong www.linkedin.com/in/derek6196
indonesia	1	the wuhan virus @
indonesia	1	airport
indonesia	1	changi airport
the wuhan virus @	1	airport
zurich	1	huat ah!
scoot	1	zheqiang
scoot	1	qingdao
zheqiang	1	qingdao
keep pofma	1	malaysia’s lawyers for liberti
keep pofma	1	the singapore government’
keep pofma	1	malaysian
malaysia’s lawyers for liberti	1	the singapore government’
malaysia’s lawyers for liberti	1	malaysian
the singapore government’	1	malaysian
lam	1	&
the painful lesson	1	outbreak
the painful lesson	1	locked down
the painful lesson	1	Wu
outbreak	1	locked down
outbreak	1	outbreak
outbreak	1	Wu
locked down	1	Wu
singapore govt	1	pulua ubin - for
tiong bahru	1	concubin
bahren shaari - wikipedia	1	bahren shaari
bahren shaari - wikipedia	1	bank of singapor
bahren shaari - wikipedia	1	dubai
bahren shaari	1	bank of singapor
bahren shaari	1	dubai
bank of singapor	1	dubai
tnp	1	subject
fli	1	singapore airlin
dunman sec stud	1	the feeder bus servic
thai	1	thailand
kishorew	1	canada
boss	1	wear
ica	1	hazmat
ica	1	ica
ica	1	causeway
ica	1	tuas checkpoint
silver colloid	1	silver colloid
silver colloid	1	usa
national servic	1	n.s.
shd	1	prc
mrpm lee	1	teck ghe
khalid samad	1	mcm
fnb	1	mcdonald
yew tee community centre(cc	1	diy
yew tee community centre(cc	1	the yew tee cc
yew tee community centre(cc	1	neighbourhood police post
diy	1	the yew tee cc
diy	1	neighbourhood police post
the yew tee cc	1	neighbourhood police post
who	1	UN
var	1	var
var	1	gary watch rugbi
prc	1	govt
prc	1	prc
prc	1	singapore children
kim keat lan	1	whampoa
hakka	1	hakka
hoon	1	hoon
post of chinese new year atmostpher	1	congrat
post of chinese new year atmostpher	1	pm great
congrat	1	pm great
uncle wong	1	youtub
uncle wong	1	uncle wong
AI	1	ML
Sg	1	govt
govt	1	ncid hospit
govt	1	healthcar
bmw volvo	1	merced
bmw volvo	1	lane
merced	1	lane
istana chef'	1	wong work
istana chef'	1	joke pm le
istana chef'	1	long service chef'
wong work	1	joke pm le
wong work	1	long service chef'
joke pm le	1	long service chef'
dhoby ghaut	1	macdonald hous
dhoby ghaut	1	temasek hold
dhoby ghaut	1	temasek trust temasek found
dhoby ghaut	1	the stewardship asia centr
macdonald hous	1	temasek hold
macdonald hous	1	temasek trust temasek found
macdonald hous	1	the stewardship asia centr
temasek hold	1	temasek trust temasek found
temasek hold	1	the stewardship asia centr
temasek trust temasek found	1	the stewardship asia centr
worry - pm	1	cold feet
hazmat	1	causeway
hazmat	1	tuas checkpoint
causeway	1	tuas checkpoint
chai	1	rumah orang
chai	1	kluang
rumah orang	1	kluang
leong	1	face
sanitis	1	vitamin c
sanitis	1	guardian
sanitis	1	children
sanitis	1	punggol
sanitis	1	sun xuel
vitamin c	1	guardian
vitamin c	1	children
vitamin c	1	punggol
vitamin c	1	sun xuel
guardian	1	children
guardian	1	punggol
guardian	1	sun xuel
children	1	punggol
children	1	sun xuel
punggol	1	sun xuel
singapore growth	1	graph
salute saf	1	wuhan coronaviru
salute saf	1	lion citi
salute saf	1	singaporesingaporean
salute saf	1	cna
wuhan coronaviru	1	lion citi
wuhan coronaviru	1	singaporesingaporean
wuhan coronaviru	1	cna
lion citi	1	singaporesingaporean
lion citi	1	cna
singaporesingaporean	1	cna
guo	1	feng
lee wuhan	1	pmdvape
ncid hospit	1	healthcar
the european union	1	EU
the european union	1	denmark
EU	1	denmark
pm lee n	1	mag chalmers n singapore special voices  
cj yong	1	sook lin &
cj yong	1	CJ
sook lin &	1	CJ
oxford	1	UK
nea	1	mosquito
XX	1	CC
kemerdekaan oleh	1	british
kemerdekaan oleh	1	bukan perjuangan rakyat
kemerdekaan oleh	1	makanya sampai sekarang
kemerdekaan oleh	1	tidak
kemerdekaan oleh	1	nampak
kemerdekaan oleh	1	usahanya
kemerdekaan oleh	1	untuk aman
kemerdekaan oleh	1	damai
british	1	bukan perjuangan rakyat
british	1	makanya sampai sekarang
british	1	tidak
british	1	nampak
british	1	usahanya
british	1	untuk aman
british	1	damai
bukan perjuangan rakyat	1	makanya sampai sekarang
bukan perjuangan rakyat	1	tidak
bukan perjuangan rakyat	1	nampak
bukan perjuangan rakyat	1	usahanya
bukan perjuangan rakyat	1	untuk aman
bukan perjuangan rakyat	1	damai
makanya sampai sekarang	1	tidak
makanya sampai sekarang	1	nampak
makanya sampai sekarang	1	usahanya
makanya sampai sekarang	1	untuk aman
makanya sampai sekarang	1	damai
tidak	1	nampak
tidak	1	usahanya
tidak	1	untuk aman
tidak	1	damai
nampak	1	usahanya
nampak	1	untuk aman
nampak	1	damai
usahanya	1	untuk aman
usahanya	1	damai
untuk aman	1	damai
the national library  n	1	the national theatr
singapore cabinet	1	singapore ruling parti
dearest	1	happi
philippin	2	chines
lee	2	cni
lee	2	must keep
cni	2	school/ teach
jui p	2	U
jui p	2	lee hsien loong
U	2	lee hsien loong
lee hsien loong	2	blessings stay &
pm lee hsien loong	2	uncle hoon
Me	2	funan it mal
cj yong’	2	singapore saluted & rest
cj yong’	2	dearest
singapore saluted & rest	2	dearest
lee hsien loong wish	2	gong xi fa cai
myr	2	sun
hubei	2	hubei
singaporean	2	corona
singaporean	2	pm lee
singaporean	2	mrs lee
pm lee	2	mrs lee
push	2	singapor
singapor	2	japan
singapor	2	germani
singapor	2	wuhan
japan	2	germani
japan	2	wuhan
germani	2	wuhan
wuhan	2	wuhan
US	3	iran
US	3	muslim
iran	3	muslim
iran	3	singapore muslim
muslim	3	wuhan
muslim	3	muslim
muslim	3	islam
muslim	3	singaporean
muslim	3	parti
muslim	3	hahahahaha
muslim	3	uighur muslim
muslim	3	xinjiang
muslim	3	singapore muslim
hong kong	3	hong kong
hong kong	3	singapor
thermometers n	3	n sanitis
prime	3	corona
prime	3	singapor
corona	3	singapor
singapor	3	wuhan
singapor	3	singapor
singapor	3	singaporean
singapor	3	ministry of manpower pls ensur
singapor	3	major hospit
singapor	3	taiwan
singapor	3	cni
singapor	3	guangzhou
singapor	3	hubei
singapor	3	china
singapor	3	hkg
singapor	3	SG
singapor	3	chines
singapor	3	viru
singapor	3	ica
singapor	3	moh
singapor	3	ong ye kung
singapor	3	beij
singapor	3	shanghai
singapor	3	philippin
singapor	3	north
singapor	3	korea
singapor	3	moe
singapor	3	uncle hoon
singapor	3	australian
singapor	3	rip
singapor	3	author
singapor	3	boss
singapor	3	leah &
singapor	3	pm lee
singapor	3	the singapore govern
singapor	3	no 1 developed countri
chines	3	hubei
chines	3	SG
chines	3	viru
chines	3	wuhan
chines	3	china
chines	3	mrt
hubei	3	wuhan
hubei	3	japan
hubei	3	china
hubei	3	hkg
hubei	3	hubei
hubei	3	beij
hubei	3	shanghai
hubei	3	philippin
hubei	3	north
hubei	3	korea
govt	3	health/logistics/finance/
govt	3	mt e.
govt	3	b&w
pm lee happi	3	SG
pm lee happi	3	china
SG	3	china
SG	3	ntuc
SG	3	punggol waterway point
SG	3	SG
SG	3	viru
SG	3	wuhan
SG	3	blessed sg
SG	3	prc
SG	3	every chinese n
SG	3	no 1 developed countri
china	3	china
china	3	beij
china	3	shanghai
china	3	wuhan
china	3	hkg
china	3	gan
china	3	philippin
china	3	prc
china	3	Xi
china	3	asean
china	3	moh
china	3	ong ye kung
china	3	north
china	3	korea
china	3	every chinese n
china	3	singaporean
china	3	the singapore govern
china	3	sia
china	3	bali
wuhan	3	singaporean
wuhan	3	wuhan
wuhan	3	japan
wuhan	3	islam
wuhan	3	hkg
wuhan	3	viru
wuhan	3	gan
wuhan	3	philippin
wuhan	3	cni
wuhan	3	cov
wuhan	3	who
wuhan	3	RA
wuhan	3	raruro
wuhan	3	the divine light
wuhan	3	author
wuhan	3	mrt
wuhan	3	sia
wuhan	3	bali
singaporean	3	islam
singaporean	3	lee
singaporean	3	majulah singapura
singaporean	3	cni
stupid	3	lesson
islam	3	israel
major hospit	3	taiwan
taiwan	3	coronaviru
taiwan	3	lawani
macdonald hous	3	handy road
cni	3	guangzhou
tiong bahru	3	carosel
ntuc	3	punggol waterway point
ntuc	3	ntuc
rsaf	3	house of rainbow
rsaf	3	jiu p
house of rainbow	3	jiu p
pm lee pl	3	mask
parti	3	hahahahaha
parti	3	uighur muslim
parti	3	xinjiang
hahahahaha	3	uighur muslim
hahahahaha	3	xinjiang
uighur muslim	3	xinjiang
beij	3	shanghai
beij	3	beij
beij	3	philippin
beij	3	north
beij	3	korea
shanghai	3	shanghai
shanghai	3	philippin
shanghai	3	north
shanghai	3	korea
into	3	super
iraq	3	iraq
nippon hom	3	northpoint c
takumi	3	liverpool
lee	3	hubai
lee	3	motherland singapor
hkg	3	hkg
andi	3	taiwanes
coronaviru	3	lawani
gan	3	philippin
philippin	3	north
philippin	3	korea
philippin	3	fiji
prc	3	Xi
prc	3	asean
prc	3	prc
Xi	3	asean
moh	3	ong ye kung
shopp	3	mb
north	3	korea
kenny lim koh yi shun	3	kang wei
propoganda	3	zero
propoganda	3	nato
zero	3	nato
deepli	3	jui p
deepli	3	sg hero rip
jui p	3	sg hero rip
phv	3	phv
phv	3	taxi
blessed lunar	3	pm lee
blessed lunar	3	mrs lee
pm lee	3	mrs lee
pm lee	3	collatz conjectur
pm lee	3	cai
pm lee	3	katong &
pm lee	3	rip lg
pm lee	3	retd
pm lee wish	3	cai
pm lee wish	3	good health n prosper
tegan leigh	3	josephine tang
lee awesom	3	ho ch
lee awesom	3	chaitri hapugal
ho ch	3	chaitri hapugal
temasek	3	PS
PS	3	temasek shophous
comment	3	feedback
who	3	RA
who	3	raruro
who	3	the divine light
RA	3	raruro
RA	3	the divine light
raruro	3	the divine light
credit upto 500k	3	no deposit/upfront/latecharge*
credit upto 500k	3	whatsapp
no deposit/upfront/latecharge*	3	whatsapp
h1n1	3	a
rip lg	3	retd
lee hsien loong wish	3	gong xi fa cai
switzerland	3	bishorn
sia	3	bali
always smil	3	selamat pagi singapura
always smil	3	red colour
selamat pagi singapura	3	red colour
chines	4	philippin
chines	4	singapor
chines	4	british airway
chines	4	chines
chines	4	china
chines	4	citi
chines	4	wuhan
chines	4	german
chines	4	the straits tim
chines	4	lee
philippin	4	singapor
philippin	4	pm lee
singapor	4	singtel
singapor	4	wuhan
singapor	4	prc
singapor	4	china
singapor	4	macao
singapor	4	hong kong
singapor	4	lee
singapor	4	hubei
singapor	4	singaporean
singapor	4	singapor
singapor	4	RC
singapor	4	citi
singapor	4	can govt
singapor	4	china mal
singapor	4	mrt
singapor	4	wuhan/hubei
singapor	4	pm lee
singapor	4	mrs lee
singapor	4	the singapore famili
singapor	4	keong hee huat chy
singapor	4	joy n good
singapor	4	SG
singapor	4	stay bless
singapor	4	lki
singapor	4	jalan jalan
singapor	4	wow
singapor	4	cj yong pung
singapor	4	justic
singapor	4	ho ch
singapor	4	chaitri
singapor	4	AI
singapor	4	kpi
singapor	4	q & a
singapor	4	jeffrey ng
singapor	4	bless
singapor	4	cna
singapor	4	ST
singapor	4	ensur
singapor	4	india
singapor	4	indian
singapor	4	congress
singapor	4	delhi cm
singapor	4	lee hsien loong
wuhan	4	wuhan
wuhan	4	shanghai
wuhan	4	port
wuhan	4	macao
wuhan	4	hong kong
wuhan	4	singaporean
wuhan	4	SG
wuhan	4	china
wuhan	4	german
wuhan	4	the straits tim
wuhan	4	hubei
wuhan	4	mrt
wuhan	4	n95
wuhan	4	cna
wuhan	4	japanes
wuhan	4	cna new
china	4	china
china	4	tibet
china	4	prc
china	4	singaporean
china	4	lee
china	4	hubei
china	4	citi
china	4	SG
china	4	pm lee
china	4	smrt
china	4	lee hsien loong
china	4	yellow alert
china	4	silver colloid
china	4	ica
china	4	cna new
china	4	ensur
china	4	u.s.
shanghai	4	port
ministry of health singapor	4	whatsapp
ministry of health singapor	4	ZB
whatsapp	4	ZB
CJ	4	justice bao
singaporean	4	singaporean
singaporean	4	pm lee
singaporean	4	chinese n
singaporean	4	assist
singaporean	4	hubei
singaporean	4	the government doctors nurses all healthcar
singaporean	4	SG
singaporean	4	stay bless
singaporean	4	hong kong
singaporean	4	cni
singaporean	4	cna
singaporean	4	ST
singaporean	4	cna new
singaporean	4	hand
singaporean	4	mr lee
singaporean	4	skill
macao	4	hong kong
hong kong	4	pm lee
lee	4	hubei
lee	4	thk
lee	4	lawrence wong
lee	4	gong xi fa cai
lee	4	PM
lee	4	funan
hubei	4	moh
hubei	4	chinese n
hubei	4	assist
hubei	4	SG
RC	4	pm lee
RC	4	grassroot
RC	4	RC
SG	4	SG
SG	4	pm lee
pm lee	4	mrs lee blessed cni
pm lee	4	singaporean’
pm lee	4	mrs lee
pm lee	4	the singapore famili
pm lee	4	keong hee huat chy
pm lee	4	joy n good
pm lee	4	pm lee
pm lee	4	raffles hotel
pm lee	4	jeffrey ng
pm lee	4	bless
pm lee	4	grassroot
german	4	the straits tim
lee hsien loong	4	telegram
lee hsien loong	4	&
lee hsien loong	4	gao shen
lee hsien loong	4	india
lee hsien loong	4	indian
lee hsien loong	4	congress
lee hsien loong	4	delhi cm
ah long	4	ah hua
chinese n	4	assist
ica	4	airport
mrt	4	mrt/lrt/bu
mrs lee blessed cni	4	singaporean’
n95	4	watson
n95	4	guardian
swimsaf	4	ong ye kung ministry of education singapore ministry of health singapor
japanes	4	ks &
japanes	4	cna
mask	4	lion citi
mask	4	wealth
mask	4	sick
mask	4	mask
lion citi	4	wealth
tranh-á	4	phongthu
mr lee	4	nric
mr lee	4	blessed chinese new year
mr lee	4	skill
singapore employ	4	workforc
singapore employ	4	worker
singapore employ	4	societi
singapore employ	4	the republic of singapor
singapore employ	4	better singapore economy growth
workforc	4	worker
workforc	4	societi
workforc	4	the republic of singapor
workforc	4	better singapore economy growth
worker	4	societi
worker	4	the republic of singapor
worker	4	better singapore economy growth
societi	4	the republic of singapor
societi	4	better singapore economy growth
the republic of singapor	4	better singapore economy growth
mrs lee	4	the singapore famili
mrs lee	4	keong hee huat chy
the singapore famili	4	keong hee huat chy
hahaha	4	easi
hahaha	4	abc
hahaha	4	healthgo jalanjalan
hahaha	4	its toa payoh nice post
hahaha	4	jeffrey ng
easi	4	abc
easi	4	healthgo jalanjalan
easi	4	its toa payoh nice post
easi	4	jeffrey ng
abc	4	healthgo jalanjalan
abc	4	its toa payoh nice post
abc	4	jeffrey ng
healthgo jalanjalan	4	its toa payoh nice post
healthgo jalanjalan	4	jeffrey ng
its toa payoh nice post	4	jeffrey ng
the cpf board	4	medisave transact
team singapor	4	the world economic forum
team singapor	4	countri
the world economic forum	4	countri
boris johnson	4	british
boris johnson	4	bbc
boris johnson	4	independ
boris johnson	4	UK
boris johnson	4	elizabethan
british	4	bbc
british	4	independ
british	4	UK
british	4	elizabethan
bbc	4	independ
bbc	4	UK
bbc	4	elizabethan
independ	4	UK
independ	4	elizabethan
UK	4	elizabethan
lee hl	4	the national gallery asian civilisations museum arts house victoria theatr
lee hl	4	victoria concert hal
lee hl	4	padang
the national gallery asian civilisations museum arts house victoria theatr	4	victoria concert hal
the national gallery asian civilisations museum arts house victoria theatr	4	padang
victoria concert hal	4	padang
nice	4	lhl
jalan jalan	4	wow
gong xi fa cai	4	abdunace blessings of good health happiness prosperity and longev
gong xi fa cai	4	huat ah
US	4	inshaa allah
US	4	US
US	4	ukrainian
US	4	pro-russian
cj yong pung	4	justic
shanghai #	4	amen amoy
ho ch	4	chaitri
abdunace blessings of good health happiness prosperity and longev	4	huat ah
cna	4	ST
MR	4	yong mmlee lim kim san.
AI	4	kpi
AI	4	q & a
kpi	4	q & a
PM	4	funan
indian	4	desert payasam
indian	4	indian
indian	4	javvarisi sago
indian	4	raisin cocktail
indian	4	fri
indian	4	cashew nuts almond
indian	4	cashew nut
indian	4	sugar coconut milk
indian	4	pink/red/blue/green/yellow/ colourings pandan
indian	4	india
indian	4	congress
indian	4	delhi cm
desert payasam	4	javvarisi sago
desert payasam	4	raisin cocktail
desert payasam	4	fri
desert payasam	4	cashew nuts almond
desert payasam	4	cashew nut
desert payasam	4	sugar coconut milk
desert payasam	4	pink/red/blue/green/yellow/ colourings pandan
javvarisi sago	4	raisin cocktail
javvarisi sago	4	fri
javvarisi sago	4	cashew nuts almond
javvarisi sago	4	cashew nut
javvarisi sago	4	sugar coconut milk
javvarisi sago	4	pink/red/blue/green/yellow/ colourings pandan
raisin cocktail	4	fri
raisin cocktail	4	cashew nuts almond
raisin cocktail	4	raisin cocktail
raisin cocktail	4	cashew nut
raisin cocktail	4	sugar coconut milk
raisin cocktail	4	pink/red/blue/green/yellow/ colourings pandan
fri	4	cashew nuts almond
fri	4	cashew nut
fri	4	sugar coconut milk
fri	4	pink/red/blue/green/yellow/ colourings pandan
cashew nuts almond	4	cashew nut
cashew nuts almond	4	sugar coconut milk
cashew nuts almond	4	pink/red/blue/green/yellow/ colourings pandan
cashew nut	4	sugar coconut milk
cashew nut	4	pink/red/blue/green/yellow/ colourings pandan
sugar coconut milk	4	pink/red/blue/green/yellow/ colourings pandan
ukrainian	4	pro-russian
truli	4	uncle hoon
f&b	4	food court
iranian	4	iraq
iranian	4	mamati
iranian	4	muslim
iranian	4	knn
iraq	4	mamati
iraq	4	muslim
iraq	4	knn
mamati	4	muslim
mamati	4	knn
muslim	4	knn
india	4	congress
india	4	delhi cm
congress	4	delhi cm
watson	4	guardian
christian	4	sporean
sporean	4	sporean
funan mal	5	singapor
singapor	5	happy cni
singapor	5	singapor
singapor	5	singaporean
singapor	5	china
singapor	5	this wuhan viru
whatsup	5	sg gover
singaporean	5	china
